Name,Phone,Address,Website,HasWebsite,PitchNote,Rating,Reviews,City
"Downtown Dental","(213) 620-5777","255 S Grand Ave Ste 204, Los Angeles, CA 90012","http://www.downtowndentalla.com/","Yes","Website exists but: no online booking, no SSL.","4.6","449","Los Angeles"
"Smile L.A. Downtown Modern Dentistry","(213) 570-8775","523 W 6th St #202, Los Angeles, CA 90014","https://smilela.com/","Yes","Website exists but: no online booking.","4.9","838","Los Angeles"
"Happy Smiles","(323) 529-0002","1655 S Western Ave Ste C, Los Angeles, CA 90006","https://happysmilesla.com/en/","Yes","Website exists but: no online booking, no chat/AI assistant.","4.9","1697","Los Angeles"
"1800 Emergency Dentist Los Angeles 24 Hour","(336) 234-5441","4817 S Central Ave, Los Angeles, CA 90011","https://1800dentist.com/emergency-dentist-los-angeles-ca-512/","Yes","Website exists but: no online booking, no chat/AI assistant.","4.3","18","Los Angeles"
"West Coast Dental of Los Angeles","(323) 731-3333","2604 S Vermont Ave Ste F, Los Angeles, CA 90007","https://www.westcoastdental.com/","Yes","Website exists but: no chat/AI assistant.","3.5","1333","Los Angeles"
"Washington Dental | Los Angeles Dentist","(213) 765-0004","1005 E Washington Blvd B, Los Angeles, CA 90021","https://www.washington-dental.com/","Yes","Website exists but: no online booking, no chat/AI assistant.","4.7","869","Los Angeles"
"LA Dental Clinic","(213) 385-9710","3377 Wilshire Blvd #202, Los Angeles, CA 90010","https://ladentalclinic.com/","Yes","Website exists but: no chat/AI assistant.","4.7","515","Los Angeles"
"Union Dental Center","(213) 463-2744","1517 W 6th St, Los Angeles, CA 90017","http://www.uniondentalcenter.co/?utm_campaign=gmb","Yes","Website exists but: no chat/AI assistant, no SSL.","4.9","909","Los Angeles"
"Crystal Dental","(213) 748-8448","2206 S Figueroa St, Los Angeles, CA 90007","https://crystaldentalcenters.com/","Yes","Website exists but: no online booking.","4.7","522","Los Angeles"
"City of Angels Dentistry","(213) 908-2003","1127 Wilshire Blvd #1100, Los Angeles, CA 90017","https://www.cofadentistry.com/","Yes","Website exists but: no chat/AI assistant.","5","109","Los Angeles"
"DTLA Smile","(213) 688-2828","104 W 7th St #2, Los Angeles, CA 90014","","No","No website found — strong opening: offer to build one.","4.8","160","Los Angeles"
"The Melrose Dentist","(323) 665-8168","4852 Melrose Ave, Los Angeles, CA 90029","http://www.themelrosedentist.com/","Yes","Website exists but: no online booking, no chat/AI assistant, no SSL.","4.7","312","Los Angeles"
"River Dentistry","(213) 486-0006","Westin Bonaventure Hotel, 404 S Figueroa St Suite 207, Los Angeles, CA 90071","https://riverdentistry.com/","Yes","Website exists but: not mobile-responsive, no online booking, no chat/AI assistant.","4.8","141","Los Angeles"
"Smile Recreation Dentistry by Dr. Baseri","(323) 218-8098","6221 Wilshire Blvd #517, Los Angeles, CA 90048","https://www.smilerecreation.com/?utm_source=GMB&utm_medium=seo&utm_campaign=GBP","Yes","Website exists but: no chat/AI assistant.","4.7","367","Los Angeles"
"Healing Dental Care","(213) 738-7077","680 Wilshire Pl #411, Los Angeles, CA 90005","https://www.healingdentalcarela.com/","Yes","Website looks solid — pitch on speed/animations/AI receptionist instead.","4.9","379","Los Angeles"
"Playa District Dental","(310) 777-1373","6801 Park Terrace Unit 330, Los Angeles, CA 90045","https://www.playadistrictdental.com/","Yes","Website exists but: no chat/AI assistant.","5","605","Los Angeles"
"Larchmont Dental Associates","(323) 465-2127","581 N Larchmont Blvd, Los Angeles, CA 90004","http://www.larchmontdentists.com/","Yes","Website exists but: no SSL.","5","579","Los Angeles"
"Restore Dental","(310) 858-7373","2002 S Hoover St, Los Angeles, CA 90007","https://www.restoredentalcenters.com/","Yes","Website exists but: no chat/AI assistant.","4.7","653","Los Angeles"
"Samaritan Dental Arts","(213) 986-2933","1127 Wilshire Blvd #914, Los Angeles, CA 90017","https://www.samaritandentalarts.com/?utm_source=gmb","Yes","Website exists but: no chat/AI assistant.","4.9","191","Los Angeles"
"1800 Emergency Dentist Los Angeles 24 Hour","(323) 916-2650","1250 Westwood Blvd, Los Angeles, CA 90024","https://1800dentist.com/emergency-dentist-los-angeles-ca-512/","Yes","Website exists but: no online booking, no chat/AI assistant.","5","5","Los Angeles"
"Downtown Dental - Loop","(773) 692-5401","25 E Washington St Ste 1921, Chicago, IL 60602","https://www.downtown-dental.com/locations/loop/?utm_source=GMBlisting&utm_medium=organic","Yes","Website exists but: not mobile-responsive, no online booking, no chat/AI assistant.","4.7","1381","Chicago"
"DentArt Chicago","(312) 929-4783","2016 S Michigan Ave, Chicago, IL 60616","https://www.dentartchicago.com/","Yes","Website exists but: no online booking, no chat/AI assistant.","4.9","646","Chicago"
"Dental Group of Chicago Family & Emergency Dentistry","(872) 328-4304","1556 S Michigan Ave #200, Chicago, IL 60605","https://dentalgroupofchicago.com/?utm_campaign=gmb&utm_medium=local&utm_source=google","Yes","Website looks solid — pitch on speed/animations/AI receptionist instead.","4.7","837","Chicago"
"Shoreline Dental Chicago","(312) 266-9487","737 N Michigan Ave Ste 910, Chicago, IL 60611","https://www.shorelinedentalchicago.com/","Yes","Website exists but: no online booking.","5","653","Chicago"
"Dental Smiles of West Loop - Chicago","(312) 724-7161","1202 W Madison St, Chicago, IL 60607","https://dentalsmilesofwestloop.com/location-dentist-chicago-il/","Yes","Website exists but: no chat/AI assistant.","4.9","354","Chicago"
"The Chicago Dental Studio, West Loop","(312) 414-0696","207 S Halsted St, Chicago, IL 60661","https://thechicagodentalstudio.com/chicago-west-loop/","Yes","Website exists but: not mobile-responsive, no online booking, no chat/AI assistant.","4.8","507","Chicago"
"Chicago Dental Boutique","(312) 868-0301","333 E Benton Pl #202, Chicago, IL 60601","https://www.chicagodentalboutique.com/?utm_campaign=gmb&utm_medium=local&utm_source=google","Yes","Website exists but: no chat/AI assistant.","4.9","531","Chicago"
"In The Loop Dental","(312) 609-1300","111 N Wabash Ave Ste 1107, Chicago, IL 60602","http://www.intheloopdentist.com/","Yes","Website exists but: no chat/AI assistant, no SSL.","4.9","258","Chicago"
"Chicago Style Smiles","(312) 372-4845","30 N Michigan Ave #1506, Chicago, IL 60602","https://chicagostylesmiles.com/","Yes","Website exists but: no online booking, no chat/AI assistant.","5","629","Chicago"
"Chicago Dental Dream Team","(773) 488-3738","820 E 87th St #201, Chicago, IL 60619","http://www.dentaldreamteam.com/","Yes","Website exists but: no online booking, no SSL.","4.9","732","Chicago"
"Chicago Dental 312","(312) 263-5090","25 E Washington St #1211, Chicago, IL 60602","http://www.chicagodental312.com/","Yes","Website exists but: no chat/AI assistant, no SSL.","5","530","Chicago"
"MG Dentistry","(312) 460-2418","111 N Wabash Ave Ste 1820, Chicago, IL 60602","https://www.mgdentistry.com/","Yes","Website exists but: no online booking.","4.9","322","Chicago"
"Downtown Dental River North","(773) 692-5447","676 N Michigan Ave #3500, Chicago, IL 60611","https://www.downtown-dental.com/locations/river-north/?utm_source=GMBlisting&utm_medium=organic","Yes","Website exists but: no chat/AI assistant.","4.5","611","Chicago"
"The Magnificent Smile","(312) 337-4424","444 N Michigan Ave Site 540, Chicago, IL 60611","https://www.themagnificentsmile.com/","Yes","Website exists but: no online booking, no chat/AI assistant.","4.9","403","Chicago"
"Mitchell Dental Spa","(312) 642-1014","845 N Michigan Ave Ste 922 E, Chicago, IL 60611","http://mitchelldentalspa.com/","Yes","Website exists but: no online booking, no chat/AI assistant, no SSL.","4.8","194","Chicago"
"Chicago Dental Solutions @ Chicago Dental Design","(312) 649-5980","845 N Michigan Ave #945w, Chicago, IL 60611","https://chicagodentalsolutions.com/?utm_source=organic&utm_medium=gbp&utm_id=local","Yes","Website exists but: no chat/AI assistant.","4.8","55","Chicago"
"Chicago Smile Design","(312) 664-2100","437 W North Ave, Chicago, IL 60610","https://www.chicagosmiledesign.com/?y_source=1_MjAxODg5ODA3Ni03MTUtbG9jYXRpb24ud2Vic2l0ZQ%3D%3D","Yes","Website exists but: no online booking, no chat/AI assistant.","4.9","412","Chicago"
"Signature Smile Arts","(312) 654-1220","845 N Michigan Ave #955W, Chicago, IL 60611","https://magmile.signaturesmilearts.com/?utm_source=googlemybusiness&utm_medium=organic&utm_campaign=GMB","Yes","Website looks solid — pitch on speed/animations/AI receptionist instead.","4.9","268","Chicago"
"Chicago Loop Dentistry","(312) 598-2184","25 E Washington St Ste 1121, Chicago, IL 60602","https://chicagoloopdentistry.com/","Yes","Website looks solid — pitch on speed/animations/AI receptionist instead.","4.9","453","Chicago"
"The Chicago Dental Studio, River North","(312) 267-1917","443 W Huron St, Chicago, IL 60654","https://thechicagodentalstudio.com/chicago-river-north/","Yes","Website exists but: not mobile-responsive, no online booking, no chat/AI assistant.","4.9","754","Chicago"
"Arizona Biltmore Dentistry","(602) 737-3624","2777 E Camelback Rd suite 101, Phoenix, AZ 85016","https://www.arizonabiltmoredentistry.com/?utm_campaign=gmb","Yes","Website exists but: no online booking.","4.7","1352","Phoenix"
"Downtown Phoenix Dental","(602) 626-7952","111 W Monroe St Unit 131, Phoenix, AZ 85003","https://www.downtownphoenixdental.com/?utm_source=google&utm_medium=google_business_profile&utm_campaign=website_click","Yes (unreachable)","Website URL found but didn't load — good opening line.","4.9","553","Phoenix"
"Biltmore Dental Center","(602) 954-8200","4202 N 32nd St Ste b, Phoenix, AZ 85018","https://www.biltmoredentalcenter.com/?y_source=1_MjAxMjkzOTY4NS03MTUtbG9jYXRpb24ud2Vic2l0ZQ%3D%3D","Yes","Website looks solid — pitch on speed/animations/AI receptionist instead.","4.9","1282","Phoenix"
"Dental on Central","(602) 266-1776","5133 N Central Ave Ste 102, Phoenix, AZ 85012","https://www.dentaloncentral.com/","Yes","Website exists but: no online booking.","4.6","1531","Phoenix"
"Thomas Dental","(623) 455-6668","2546 E Thomas Rd, Phoenix, AZ 85016","https://thomasdentalphx.com/?utm_source=google.com&utm_medium=business+profile&utm_campaign=","Yes","Website looks solid — pitch on speed/animations/AI receptionist instead.","4.8","785","Phoenix"
"Downtown Smiles Phoenix Dental Care","(602) 566-9005","45 W Jefferson St Ste L, Phoenix, AZ 85003","http://downtownsmilesphx.com/","Yes","Website exists but: no online booking, no chat/AI assistant, no SSL.","5","338","Phoenix"
"AZ Family Dental - Phoenix","(602) 844-2431","1820 W Thunderbird Rd #1, Phoenix, AZ 85023","https://www.azfd.com/locations/phoenix/","Yes","Website exists but: no online booking, no chat/AI assistant.","4.8","221","Phoenix"
"Open Wide Dental","(602) 806-9999","6520 N 7th Ave Suite 1, Phoenix, AZ 85013","https://openwidedentalaz.com/?utm_source=GMBListing&utm_medium=Organic","Yes (unreachable)","Website URL found but didn't load — good opening line.","4.9","856","Phoenix"
"Anytime Dental","(602) 207-8528","10 W Adams St, Phoenix, AZ 85003","https://www.anytimedentalphx.com/?utm_campaign=gmb","Yes","Website exists but: no chat/AI assistant.","4.7","334","Phoenix"
"Healing Dentistry Dental clinic","(602) 362-8370","125 W McDowell Rd, Phoenix, AZ 85003","http://healingdentistry.com/","Yes","Website exists but: no SSL.","4.8","218","Phoenix"
"North Central Family Dentistry","(602) 242-2576","5225 N Central Ave #102, Phoenix, AZ 85012","https://www.ncfdentistry.com/","Yes","Website exists but: no online booking, no chat/AI assistant.","4.9","762","Phoenix"
"19th Ave Dental Care","(602) 433-0313","5225 N 19th Ave Ste c, Phoenix, AZ 85015","https://www.19avedentalcare.com/","Yes","Website exists but: no chat/AI assistant.","4.8","477","Phoenix"
"Dental Home Family Dentistry Phoenix","(602) 863-3000","720 E Thunderbird Rd #2, Phoenix, AZ 85022","https://www.dentalhomeaz.com/","Yes","Website looks solid — pitch on speed/animations/AI receptionist instead.","4.9","562","Phoenix"
"Southern Dental","(602) 305-8800","3320 W Southern Ave Ste 111, Phoenix, AZ 85041","https://www.laveendentist.com/","Yes","Website looks solid — pitch on speed/animations/AI receptionist instead.","4.6","519","Phoenix"
"Arizona Family Dentistry","(602) 902-0003","7625 W Lower Buckeye Rd #130, Phoenix, AZ 85043","https://azfamilysmiles.com/?utm_source=Gmb&utm_medium=organic&utm_campaign=listing","Yes (unreachable)","Website URL found but didn't load — good opening line.","4.8","407","Phoenix"
"Encanto Family Dental Care","(602) 666-9961","1525 W Thomas Rd, Phoenix, AZ 85015","https://www.encantofamilyaz.com/","Yes","Website exists but: no chat/AI assistant.","4.8","274","Phoenix"
"Central Dental","(480) 808-9494","5821 S Central Ave, Phoenix, AZ 85040","https://www.centraldentalaz.com/","Yes","Website looks solid — pitch on speed/animations/AI receptionist instead.","5","545","Phoenix"
"Central Valley Dentistry & Implants","(602) 246-0385","6232 N 7th St Unit 201, Phoenix, AZ 85014","https://www.centralvalleydentistry.com/?utm_campaign=gmb&utm_medium=organic&utm_source=gmb","Yes","Website exists but: no online booking, no chat/AI assistant.","4.9","1047","Phoenix"
"Smile Dental Clinics","(623) 257-7475","7102 W Thomas Rd, Phoenix, AZ 85033","https://www.smiledentalclinics.com/","Yes","Website exists but: no online booking.","4.7","1279","Phoenix"
"Gentle Hands Family Dentistry and Orthodontics","(602) 433-2992","6036 N 19th Ave Unit 210, Phoenix, AZ 85015","https://gentlehandsdentistry.com/?utm_source=googlemybusiness&utm_medium=organic","Yes","Website exists but: no online booking.","4.8","679","Phoenix"
"Dr. Sonny Aryan Emergency Dentist San Diego 24 Hours","(858) 878-2009","1916 Kettner Blvd #12, San Diego, CA 92101","https://www.emergencydentalservice.com/emergencydentist24-7/san-diego-ca-92101","Yes","Website exists but: no online booking.","5","7","San Diego"
"Fifth Avenue Dental Arts","(619) 233-3338","450 A St #300, San Diego, CA 92101","https://mydentistsandiego.com/?UTM_source=GMB_listing&UTM_medium=organic","Yes","Website exists but: no online booking, no chat/AI assistant.","4.8","935","San Diego"
"Downtown SD Modern Dentistry","(619) 850-2550","435 Fourth Ave, San Diego, CA 92101","https://www.downtownsdmoderndentistry.com/?sc_cid=GBP%3AO%3AGP%3A420%3AOrganic_Search%3AGeneral%3Ana&_vsrefdom=organic_gbp&y_source=1_MjY2MDk0MS03MTUtbG9jYXRpb24ud2Vic2l0ZQ%3D%3D","Yes","Website exists but: not mobile-responsive, no online booking, no chat/AI assistant.","4","301","San Diego"
"Mesa Dental","(858) 877-9540","6215 Beadnell Way, San Diego, CA 92117","https://mesadentalsd.com/","Yes","Website looks solid — pitch on speed/animations/AI receptionist instead.","4.9","1832","San Diego"
"San Diego Emergency Family Dentist Reza Kasiri","(619) 550-1111","2138 Garnet Ave, San Diego, CA 92109","https://24-7emergencydental.com/","Yes","Website exists but: no online booking, no chat/AI assistant.","4.4","114","San Diego"
"Marina District Dentistry","(619) 234-7222","230 W G St, San Diego, CA 92101","https://www.marinadistrictdentistry.com/?utm_campaign=gmb","Yes","Website looks solid — pitch on speed/animations/AI receptionist instead.","4.9","239","San Diego"
"Bella Vita Dental Hillcrest","(619) 789-1785","3900 Fifth Ave #270, San Diego, CA 92103","https://www.bellavitadental.com/?y_source=1_MjAxMjkzOTc2OC03MTUtbG9jYXRpb24ud2Vic2l0ZQ%3D%3D","Yes","Website looks solid — pitch on speed/animations/AI receptionist instead.","4.7","446","San Diego"
"Farshin Farokhian, DDS","(619) 202-5231","3500 Fifth Ave #201, San Diego, CA 92103","http://www.farokhiandds.com/","Yes","Website exists but: no chat/AI assistant, no SSL.","4.9","674","San Diego"
"Urban Dental","(619) 696-0510","1111 Sixth Ave #510, San Diego, CA 92101","http://www.urbandentalsandiego.com/","Yes","Website exists but: no chat/AI assistant, no SSL.","5","84","San Diego"
"Coastal Dental Arts","(619) 786-3635","1230 Columbia St Suite 870, San Diego, CA 92101","https://www.coastaldentalarts.com/?utm_source=google.com&utm_medium=business+profile","Yes","Website exists but: no chat/AI assistant.","4.8","346","San Diego"
"The Dental Docs","(619) 297-2949","3730 Third Ave, San Diego, CA 92103","http://www.thedentaldocs.com/","Yes","Website exists but: no online booking, no chat/AI assistant, no SSL.","4.7","54","San Diego"
"Singing Hills Dentistry San Diego","(858) 272-5588","1919 Grand Ave Ste 1P, San Diego, CA 92109","https://www.sandiegodentistnearme.com/?utm_source=google&utm_medium=google_business_profile&utm_campaign=website_click","Yes (unreachable)","Website URL found but didn't load — good opening line.","5","609","San Diego"
"San Diego Dental","(209) 393-3529","3765 Dalbergia St, San Diego, CA 92113","","No","No website found — strong opening: offer to build one.","4.6","11","San Diego"
"Carmel Valley Dental","(858) 755-3780","12750 Carmel Country Rd #206, San Diego, CA 92130","https://carmelvalleydental.com/","Yes","Website exists but: no chat/AI assistant.","4.9","439","San Diego"
"Complete Dental Health","(619) 295-2202","3808 Front St, San Diego, CA 92103","https://completedentalhealth.net/","Yes","Website exists but: no online booking, no chat/AI assistant.","4.9","62","San Diego"
"Padre Dental Group","(619) 688-1001","501 Washington St Ste 704, San Diego, CA 92103","http://www.padredental.com/","Yes","Website exists but: no online booking, no chat/AI assistant, no SSL.","4.7","55","San Diego"
"Mission Hills Dental Group","(619) 699-9008","718 W Washington St, San Diego, CA 92103","https://www.missionhillsdentalgroup.com/?sc_cid=GBP%3AO%3AGP%3A423%3AOrganic_Search%3AGeneral%3Ana&_vsrefdom=organic_gbp&y_source=1_MjM1OTEzNi03MTUtbG9jYXRpb24ud2Vic2l0ZQ%3D%3D","Yes","Website exists but: not mobile-responsive, no online booking, no chat/AI assistant.","4.1","289","San Diego"
"San Diego Dental Studio","(858) 457-4100","6650 Flanders Dr Ste J, San Diego, CA 92121","http://www.sandiegodentalstudio.com/","Yes","Website exists but: not mobile-responsive, no online booking, no chat/AI assistant, no SSL.","5","560","San Diego"
"Stephens Dental","(619) 497-0122","3588 Fourth Ave #300, San Diego, CA 92103","https://www.stephensdental.com/","Yes (unreachable)","Website URL found but didn't load — good opening line.","4.7","38","San Diego"
"Dallas Dental Arts","(214) 999-0110","2100 Ross Ave Ste 960, Dallas, TX 75201","http://dallasdentalspa.com/","Yes (unreachable)","Website URL found but didn't load — good opening line.","4.9","410","Dallas"
"Midtown Family Dentistry","(469) 529-6016","13309 Montfort Dr, Dallas, TX 75240","https://www.midtowndentistrydallas.com/","Yes","Website exists but: no chat/AI assistant.","4.9","3609","Dallas"
"Dallas Cosmetic Dental","(214) 915-2086","8226 Douglas Ave Ste 753, Dallas, TX 75225","https://dallascosmeticdental.com/","Yes","Website exists but: not mobile-responsive, no online booking.","5","61","Dallas"
"OakHeights Dental","(214) 949-8954","831 S R L Thornton Fwy, Dallas, TX 75203","http://affordabledallasdentist.com/","Yes (unreachable)","Website URL found but didn't load — good opening line.","4.9","817","Dallas"
"The Dental Method - Dentist of Dallas","(214) 227-6775","5757 W Lovers Ln #109, Dallas, TX 75209","https://thedentalmethod.com/","Yes","Website exists but: no chat/AI assistant.","4.9","292","Dallas"
"Dallas Designer Smiles","(214) 363-7777","8222 Douglas Ave #810, Dallas, TX 75225","http://www.dallasdesignersmiles.com/","Yes","Website exists but: no online booking, no SSL.","4.9","216","Dallas"
"Turtle Creek Dental Associates","(214) 740-4953","3131 Turtle Creek Blvd #1000, Dallas, TX 75219","https://www.turtlecreekdental.com/","Yes","Website exists but: no chat/AI assistant.","4.9","915","Dallas"
"Royal Lane Dental Center - Best Dentist in Dallas | Clear Aligners and Veneers in Dallas","(469) 904-2080","8499 Greenville Ave #210, Dallas, TX 75231","https://www.royallanedental.com/","Yes","Website exists but: no chat/AI assistant.","4.9","374","Dallas"
"Oak Cliff Dental Center","(214) 948-3364","Oak Cliff Dental Center, 820 N Zang Blvd #110, Dallas, TX 75208","https://oakcliffdentalcenter.com/?utm_source=google&utm_medium=social&utm_campaign=Oak+Cliff+Dental+Center&utm_term=Dentist+Bishop+Arts","Yes","Website looks solid — pitch on speed/animations/AI receptionist instead.","4.8","511","Dallas"
"Atlantis Dental","(214) 941-9400","330 S Zang Blvd #100, Dallas, TX 75208","https://www.atlantisdentalcare.com/?utm_source=Google&utm_medium=Organic&utm_campaign=GMB","Yes","Website exists but: no online booking, no chat/AI assistant.","4.9","312","Dallas"
"East Quarter Dental","(469) 240-1154","2109 Commerce St Ste 100, Dallas, TX 75201","https://www.eastquarterdental.com/?utm_source=gbp&utm_medium=organic&utm_campaign=gbp","Yes","Website exists but: not mobile-responsive, no online booking, no chat/AI assistant.","4.8","407","Dallas"
"Pro Dental Dallas Downtown","(214) 871-1022","325 North St. Paul Street Ste 1150, Dallas, TX 75201","https://prodentaldallas.com/locations/downtown/?utm_campaign=gmb","Yes","Website exists but: no online booking, no chat/AI assistant.","4.9","219","Dallas"
"Highland Park Dental","(214) 521-3730","6725 Hillcrest Ave Suite B&C, Dallas, TX 75205","https://www.hpdentist.com/","Yes","Website exists but: no chat/AI assistant.","4.9","595","Dallas"
"Jeffrey V. Jones, DDS","(469) 890-1643","712 N Washington Ave Ste 400, Dallas, TX 75246","https://www.perfectgrin.com/?utm_source=google.com&utm_medium=business+profile&utm_campaign=","Yes","Website exists but: no online booking, no chat/AI assistant.","4.8","362","Dallas"
"Luxe Dental","(214) 416-9931","4640 McKinney Ave #140, Dallas, TX 75205","https://luxedentaldallas.com/","Yes","Website exists but: no online booking.","4.8","61","Dallas"
"Vintage Dental Spa","(214) 520-0887","4245 N Central Expy #240, Dallas, TX 75205","https://vintagedentalspa.com/","Yes","Website exists but: not mobile-responsive, no online booking, no chat/AI assistant.","4.5","54","Dallas"
"Soleil Dental","(214) 304-2112","4807 Maple Ave #300, Dallas, TX 75219","https://www.mysoleildental.com/","Yes","Website exists but: no online booking.","4.8","313","Dallas"
"Dallas Laser Dentistry","(214) 256-4858","7557 Rambler Rd #1023, Dallas, TX 75231","http://www.dallascosmeticdentist.us/?utm_campaign=gmb","Yes","Website exists but: not mobile-responsive, no online booking, no chat/AI assistant, no SSL.","4.9","870","Dallas"
"Henderson Family Dental","(214) 823-2182","2011 N Henderson Ave, Dallas, TX 75206","https://www.hfdentist.com/?utm_source=gbp&utm_medium=organic&utm_campaign=gbp","Yes","Website exists but: not mobile-responsive, no online booking, no chat/AI assistant.","4.8","700","Dallas"
"Dallas Dental Specialists","(214) 754-0111","1130 Beachview St #210, Dallas, TX 75218","http://www.dallasdentalspecialists.com/","Yes (unreachable)","Website URL found but didn't load — good opening line.","5","87","Dallas"
"Dentistry of San Francisco - General & Cosmetic Dentist Dr. Joseph, DDS","(415) 986-5323","500 Sutter St #600, San Francisco, CA 94102","https://www.dentistryofsanfrancisco.com/","Yes (unreachable)","Website URL found but didn't load — good opening line.","5","260","San Francisco"
"Mont Dental Aesthetics (Formerly Montgomery Street Dental)","(415) 358-1967","260 Stockton St 5th FL, San Francisco, CA 94108","https://www.montgomerystdental.com/?utm_source=Google&utm_medium=Local&utm_campaign&utm_content=GMB","Yes","Website exists but: not mobile-responsive, no online booking, no chat/AI assistant.","4.8","582","San Francisco"
"Folsom Street Dental","(415) 552-7874","1130 Folsom St, San Francisco, CA 94103","http://folsomstreetdental.com/","Yes","Website exists but: no online booking, no chat/AI assistant, no SSL.","4.9","1021","San Francisco"
"San Francisco Dental Wellness","(415) 781-1944","130 Sansome St, San Francisco, CA 94104","https://www.sanfranciscodentalwellness.com/?utm_source=gmb&utm_medium=organic","Yes","Website exists but: no chat/AI assistant.","4.5","183","San Francisco"
"Marina Tooth Fairy Dental","(415) 409-3368","2001 Union St #590, San Francisco, CA 94123","https://marinatoothfairy.com/?utm_source=gbp&utm_medium=organic&utm_campaign=Google+Business+Profile","Yes","Website exists but: no chat/AI assistant.","4.8","414","San Francisco"
"Financial District Dentistry","(415) 399-9999","220 Montgomery St #120, San Francisco, CA 94104","https://www.cosmeticdentistsf.com/","Yes","Website looks solid — pitch on speed/animations/AI receptionist instead.","4.8","209","San Francisco"
"San Francisco Dental Care","(415) 668-0526","4200 California St #210, San Francisco, CA 94118","https://www.sanfranciscodentalcare.com/","Yes","Website exists but: no online booking.","4.9","283","San Francisco"
"San Francisco Dentist Smile SF","(415) 922-2990","3012 Steiner St A, San Francisco, CA 94123","https://sanfranciscodentistsmilesf.com/?utm_source=google&utm_medium=organic&utm_campaign=gmb","Yes","Website exists but: no online booking, no chat/AI assistant.","4.6","114","San Francisco"
"Pacific Heights Dental","(415) 921-2448","2383 California St, San Francisco, CA 94115","https://www.pacificheightsdental.com/?y_source=1_MjAxMjkzOTcyMi03MTUtbG9jYXRpb24ud2Vic2l0ZQ%3D%3D","Yes","Website looks solid — pitch on speed/animations/AI receptionist instead.","4.7","397","San Francisco"
"Mission Dental Group","(415) 849-9991","2460 Mission St #106, San Francisco, CA 94110","https://www.growneydental.com/locations/mission","Yes","Website exists but: no chat/AI assistant.","4.5","59","San Francisco"
"Skoulas DDS - The SF Cosmetic Dentist","(415) 757-0110","450 Sutter St #1616, San Francisco, CA 94108","http://www.skoulasdds.com/","Yes","Website exists but: no online booking, no chat/AI assistant, no SSL.","4.8","156","San Francisco"
"Young Dental SF Group","(415) 392-8611","490 Post St Ste 830, San Francisco, CA 94102","https://youngdentalsf.com/?utm_source=GBPYDEprompt","Yes","Website exists but: no chat/AI assistant.","4.8","904","San Francisco"
"MARINA GRINS DENTAL","(415) 921-4132","3210 Fillmore St #2, San Francisco, CA 94123","http://marinagrinsdental.com/","Yes (unreachable)","Website URL found but didn't load — good opening line.","4.9","701","San Francisco"
"Washington Square Park Dental","(415) 891-9773","1719 Powell St, San Francisco, CA 94133","http://www.wsparkdental.com/","Yes","Website exists but: no online booking, no chat/AI assistant, no SSL.","4.9","411","San Francisco"
"San Francisco Dental Office","(415) 777-5115","131 Steuart St #323, San Francisco, CA 94105","http://www.sanfrandental.com/","Yes (unreachable)","Website URL found but didn't load — good opening line.","4.8","93","San Francisco"
"Pacific Heights Dental Studio","(415) 409-6455","2252 Fillmore St Ste 201, San Francisco, CA 94115","https://pacificheightsdentalstudio.com/?utm_source=gmblisting&utm_medium=organic","Yes","Website exists but: no online booking, no chat/AI assistant.","4.9","367","San Francisco"
"The Dentist Group","(415) 706-7687","90 Gough St, San Francisco, CA 94102","http://www.thedentistgroup.com/","Yes","Website exists but: no SSL.","4.7","259","San Francisco"
"Zen Dental Studio - San Francisco","(415) 857-0150","254 5th St, San Francisco, CA 94103","https://www.zen.dentist/san-francisco","Yes","Website exists but: no chat/AI assistant.","4.9","329","San Francisco"
"SF Dental","(415) 566-3305","800 Santiago St Ste B, San Francisco, CA 94116","https://www.sfdental.com/","Yes","Website exists but: no chat/AI assistant.","4.9","300","San Francisco"
"Post Street Dental Group","(415) 986-4534","490 Post St STE 520, San Francisco, CA 94102","https://poststreetdental.com/?utm_source=GBPEprompt","Yes","Website exists but: no chat/AI assistant.","4.9","324","San Francisco"
"Dental Care Seattle","(206) 325-0166","600 Broadway #330, Seattle, WA 98122","http://www.dentalcareseattle.com/","Yes","Website exists but: no online booking, no chat/AI assistant, no SSL.","4.9","677","Seattle"
"Seattle Smiles Company","(206) 984-2404","600 Broadway #600, Seattle, WA 98122","https://seattlesmilescompany.com/","Yes","Website looks solid — pitch on speed/animations/AI receptionist instead.","4.9","60","Seattle"
"Pike Place Dental","(206) 625-1267","93 Pike St Unit 309, Seattle, WA 98101","http://pikeplacedental.com/","Yes","Website exists but: no online booking, no chat/AI assistant, no SSL.","4.9","231","Seattle"
"Downtown Seattle Dentists","(206) 447-9397","509 Olive Wy #1132, Seattle, WA 98101","https://downtownseattledentists.com/","Yes","Website exists but: no online booking.","4.8","281","Seattle"
"Seattle Cornerstone Dental","(206) 682-3093","600 University St #828, Seattle, WA 98101","https://seattlecornerstonedental.com/","Yes","Website exists but: no online booking, no chat/AI assistant.","4.9","167","Seattle"
"Lake Union Dentistry","(206) 328-3002","1500 Fairview Ave E #302, Seattle, WA 98102","http://www.lakeuniondentistry.com/","Yes","Website exists but: no online booking, no chat/AI assistant, no SSL.","5","61","Seattle"
"Seattle Dental Co.","(206) 284-4412","100 W Harrison St Ste 150, Seattle, WA 98119","https://www.seattledentalco.com/","Yes","Website exists but: no online booking, no chat/AI assistant.","4.9","802","Seattle"
"Simply Dental","(206) 466-2623","724 Denny Wy, Seattle, WA 98109","http://www.simplydentalseattle.com/","Yes","Website exists but: no SSL.","4.6","640","Seattle"
"Alki Dental","(206) 933-9300","1331 Harbor Ave SW Ste 100, Seattle, WA 98116","https://alkifamilydental.com/","Yes","Website exists but: no chat/AI assistant.","4.7","410","Seattle"
"Dentist Downtown Seattle","(206) 362-9110","2045 Westlake Ave, Seattle, WA 98121","https://dentistdowntownseattle.com/","Yes","Website exists but: no chat/AI assistant.","4.8","321","Seattle"
"Seattle Dental Associates","(206) 343-8774","509 Olive Wy #1538, Seattle, WA 98101","https://www.seattledentalassociates.com/?utm_source=google&utm_medium=local&utm_campaign=gbp","Yes","Website exists but: no online booking, no chat/AI assistant.","4.9","177","Seattle"
"Zen Dental Center Family Cosmetic Emergency Implants","(206) 324-1100","310 Harvard Ave E Unit E, Seattle, WA 98102","https://www.zendentalcenterseattle.com/","Yes (unreachable)","Website URL found but didn't load — good opening line.","4.8","144","Seattle"
"Seattle's Capitol Hill Dentist","(206) 283-9278","1830 Broadway Suite 101, Seattle, WA 98122","https://seattlescapitolhilldentist.com/","Yes","Website exists but: no chat/AI assistant.","4.8","185","Seattle"
"Icon Dental Center","(206) 225-2882","2815 2nd Ave #101, Seattle, WA 98121","https://icondentalcenter.com/seattle-dental-office/?utm_source=gmb&utm_medium=organic","Yes","Website exists but: no chat/AI assistant.","4.8","178","Seattle"
"A Dental & Denture","(206) 440-1500","11540 15th Ave NE, Seattle, WA 98125","http://www.dentaldenture.com/","Yes","Website exists but: no online booking, no SSL.","4.9","143","Seattle"
"Smile Ballard","(206) 784-6310","5350 Tallman Ave NW Suite 410 4th Floor, Seattle, WA 98107","https://www.smileballard.com/","Yes","Website exists but: no online booking.","4.8","250","Seattle"
"4th & Seneca Dental","(206) 623-4400","1119 4th Ave, Seattle, WA 98101","https://www.4thandsenecadental.com/","Yes","Website exists but: not mobile-responsive, no chat/AI assistant.","5","799","Seattle"
"32 Pearls Seattle","(206) 322-8862","200 Lake Washington Blvd, Seattle, WA 98122","https://www.32pearls.com/","Yes","Website exists but: no chat/AI assistant.","4.8","298","Seattle"
"Prestige Dental","(206) 682-7942","116 Fairview Ave N #148, Seattle, WA 98109","http://www.prestigedentalslu.com/","Yes","Website exists but: no chat/AI assistant, no SSL.","4.8","276","Seattle"
"Best Dentistry","(206) 783-3000","9776 Holman Rd NW #110, Seattle, WA 98117","https://www.thebestdentistry.com/","Yes","Website exists but: no online booking, no chat/AI assistant.","5","509","Seattle"
"The Denver Dentists","(303) 731-2005","2190 E 17th Ave, Denver, CO 80206","http://www.thedenverdentists.com/","Yes","Website exists but: no SSL.","4.4","629","Denver"
"Icon Dental","(720) 645-2153","1425 Market St Ste. 100, Denver, CO 80202","https://icondentaldenver.com/?utm_source=google&utm_medium=organic&utm_campaign=gbp-listing","Yes","Website exists but: no chat/AI assistant.","4.6","690","Denver"
"Denver Place Dentistry","(303) 529-8530","999 18th St #1300, Denver, CO 80202","https://downtowndenverdentist.com/?utm_source=extnet&utm_medium=yext&y_source=1_NTU4MzQ4MDAtNzE1LWxvY2F0aW9uLndlYnNpdGU%3D","Yes","Website exists but: not mobile-responsive, no online booking, no chat/AI assistant.","4.8","344","Denver"
"Emergency Dental of Denver","(303) 529-8411","4200 E 8th Ave #200, Denver, CO 80220","https://emergencydentalofdenver.com/","Yes","Website exists but: no chat/AI assistant.","4.8","2099","Denver"
"Midtown Dental","(720) 780-9321","1800 Vine St, Denver, CO 80206","https://www.midtowndentaldenver.com/","Yes","Website exists but: no online booking, no chat/AI assistant.","4.8","493","Denver"
"Vero Dental","(720) 680-1570","300 S Logan St Unit 103, Denver, CO 80209","https://verodentalco.com/","Yes","Website exists but: no chat/AI assistant.","4.8","741","Denver"
"OG Dental","(720) 679-8577","4402 Umatilla St, Denver, CO 80211","https://www.ogdentaldenver.com/?utm_campaign=gmb","Yes","Website exists but: no online booking, no chat/AI assistant.","4.9","558","Denver"
"Downtown Denver Dental","(303) 296-1825","1050 17th St b-190, Denver, CO 80265","https://downtowndenverdental.com/?utm_campaign=gmb","Yes","Website exists but: no chat/AI assistant.","4.9","351","Denver"
"1800 Emergency Dentist Denver 24 Hour","(240) 771-8657","1634 N Downing St, Denver, CO 80218","https://1800dentist.com/emergency-dentist-denver-co-527/","Yes","Website exists but: no online booking, no chat/AI assistant.","3.8","19","Denver"
"Denver Family Dental","(303) 839-1396","825 E 18th Ave, Denver, CO 80218","http://www.denverfamilydental.com/","Yes","Website exists but: no online booking, no chat/AI assistant, no SSL.","4.6","52","Denver"
"Lodo Dental","(303) 623-5636","1435 Wazee St Ste 102, Denver, CO 80202","http://www.lododental.com/","Yes","Website exists but: no chat/AI assistant, no SSL.","4.8","352","Denver"
"Southeast Denver Dental","(303) 757-7175","7995 E Hampden Ave #206, Denver, CO 80231","http://www.sedenverdental.com/","Yes","Website exists but: no online booking, no chat/AI assistant, no SSL.","4.8","119","Denver"
"Mountain View Dental Associates","(303) 455-8962","4590 Lowell Blvd, Denver, CO 80211","https://mountainviewdds.com/","Yes","Website looks solid — pitch on speed/animations/AI receptionist instead.","4.9","957","Denver"
"Metropolitan Dental Care","(303) 534-2626","1400 Glenarm Pl #200, Denver, CO 80202","https://metrodentalcare.com/?y_source=1_MjA3ODAwODUxNy03MTUtbG9jYXRpb24ud2Vic2l0ZQ%3D%3D","Yes","Website looks solid — pitch on speed/animations/AI receptionist instead.","4.9","1098","Denver"
"Open and Affordable Dental Denver East","(720) 463-2766","9450 E Mississippi Ave # A, Denver, CO 80247","https://www.openandaffordable.com/locations/denver-east-co","Yes","Website looks solid — pitch on speed/animations/AI receptionist instead.","4.9","450","Denver"
"Denver Dream Dentistry","(303) 377-9278","820 Clermont St #310, Denver, CO 80220","https://denverdreamdentistry.com/","Yes","Website exists but: no chat/AI assistant.","5","589","Denver"
"Dental Elements","(303) 309-4093","1781 15th St, Denver, CO 80202","https://dentalelements.com/","Yes","Website exists but: no online booking.","4.9","395","Denver"
"South Shore Dental","(720) 361-2815","1525 N Raleigh St Ste 130, Denver, CO 80204","https://sshoredental.com/?utm_source=GMB+Listing&utm_medium=organic","Yes","Website exists but: no online booking, no chat/AI assistant.","4.7","363","Denver"
"New Day Dentistry Denver | Dr. Morgan Greve, DDS","(303) 733-0138","850 E Harvard Ave #375, Denver, CO 80210","https://newdaydentistrycolorado.com/our-locations/denver/","Yes","Website looks solid — pitch on speed/animations/AI receptionist instead.","4.8","197","Denver"
"Almeida & Bell Dental Denver - General, Cosmetic, and Implant Dentistry","(720) 738-8833","9126 57th Ave, Denver, CO 80238","https://www.almeidabelldental.com/dentist-denver/?utm_source=GoogleBusinessProfile&utm_medium=Organic&utm_campaign=Website","Yes","Website exists but: no online booking.","5","147","Denver"
"Dentistry of Nashville","(615) 383-3690","2125 Blakemore Ave, Nashville, TN 37212","https://dentistryofnashville.com/","Yes","Website exists but: no online booking, no chat/AI assistant.","4.8","1056","Nashville"
"Smiles Up Dentistry","(615) 678-8965","1916 Patterson St Ste 712, Nashville, TN 37203","http://nashvillesmilesup.com/","Yes","Website exists but: no chat/AI assistant, no SSL.","4.8","1007","Nashville"
"Downtown Dental Nashville","(615) 254-1393","101 Union St N, Nashville, TN 37201","https://www.downtowndentalnashville.com/?utm_source=google&utm_medium=organic&utm_campaign=gmb","Yes","Website looks solid — pitch on speed/animations/AI receptionist instead.","4.7","409","Nashville"
"Capitol View Dental","(615) 277-1087","601 11th Ave N, Nashville, TN 37203","https://www.capitolviewdental.com/","Yes","Website exists but: no chat/AI assistant.","5","42","Nashville"
"Nashville Dental Center","(615) 331-2483","3754 Nolensville Pk, Nashville, TN 37211","https://www.nashvilledc.net/","Yes","Website exists but: no chat/AI assistant.","4.6","804","Nashville"
"the family dentist place","(877) 839-8656","1005 Dr DB Todd Jr Blvd, Nashville, TN 37208","","No","No website found — strong opening: offer to build one.","5","9","Nashville"
"Germantown Dental","(615) 742-5578","1324 4th Ave N, Nashville, TN 37208","http://germantown.dental/","Yes","Website exists but: no chat/AI assistant, no SSL.","4.9","386","Nashville"
"Iroquois Dentistry","(615) 298-2040","5115 Harding Pike Ste 101, Nashville, TN 37205","https://www.ifdnashville.com/","Yes","Website exists but: no online booking, no chat/AI assistant.","4.9","1407","Nashville"
"Emergency Dental of Nashville","(615) 314-4199","15576 Old Hickory Blvd, Nashville, TN 37211","https://emergencydentalofnashville.com/","Yes","Website exists but: no chat/AI assistant.","4.7","1297","Nashville"
"Gulch Dental Studio","(615) 645-2381","224 11th Ave S, Nashville, TN 37203","https://www.gulchdentalstudio.com/","Yes","Website exists but: no online booking.","4.9","743","Nashville"
"West End Smiles","(855) 925-3858","1800 West End Ave Unit 102, Nashville, TN 37203","http://www.westendsmiles.com/","Yes","Website exists but: no online booking, no chat/AI assistant, no SSL.","4.4","47","Nashville"
"Katherine Hall DDS","(615) 777-2600","500 Church St #430, Nashville, TN 37219","http://www.katherinehalldds.com/","Yes","Website exists but: no online booking, no SSL.","4.9","570","Nashville"
"American Dental Center","(615) 256-2321","617 Woodland St, Nashville, TN 37206","","No","No website found — strong opening: offer to build one.","4.6","93","Nashville"
"Berry Hill Dental Group","(615) 784-5104","2641 8th Ave S, Nashville, TN 37204","https://www.berryhilldentalgroup.com/?sc_cid=GBP%3AO%3AGP%3A794%3AOrganic_Search%3AGeneral%3Ana&_vsrefdom=organic_gbp&y_source=1_MTU1NzEwNTgtNzE1LWxvY2F0aW9uLndlYnNpdGU%3D","Yes","Website exists but: not mobile-responsive, no online booking, no chat/AI assistant.","4.7","347","Nashville"
"Roach Family Dentistry & Associates","(615) 383-7801","3824 Bedford Ave, Nashville, TN 37215","https://www.greenhillsdentist.net/","Yes","Website looks solid — pitch on speed/animations/AI receptionist instead.","4.8","1117","Nashville"
"Thomas Nabors, DDS","(629) 265-9219","401 Church St Ste 910, Nashville, TN 37219","https://www.thomasnabors.com/","Yes","Website looks solid — pitch on speed/animations/AI receptionist instead.","5","606","Nashville"
"Music City Dental: Family, Cosmetic, & Implant Dentistry PLLC","(615) 953-2469","808 Kirkwood Ave, Nashville, TN 37204","https://www.musiccitydental.com/","Yes","Website exists but: no online booking, no chat/AI assistant.","4.9","689","Nashville"
"East Nashville Family Dentistry","(615) 610-1680","1214 Gallatin Ave Ste 115, Nashville, TN 37206","https://enfdentistry.com/","Yes","Website exists but: no chat/AI assistant.","4.5","351","Nashville"
"Premier Dental","(615) 837-8855","5511 Edmondson Pike #201, Nashville, TN 37211","http://www.premierdentalofnashville.com/","Yes","Website exists but: no online booking, no SSL.","4.9","257","Nashville"
"Nations Dental Studio","(615) 933-5800","4900 Centennial Blvd Ste 104, Nashville, TN 37209","https://nationsdentalstudio.com/","Yes","Website exists but: no chat/AI assistant.","5","502","Nashville"
"Detroit Dental Spa","(313) 216-4232","2130 Trumbull, Detroit, MI 48216","http://www.detroitdentalspa.com/","Yes","Website exists but: no chat/AI assistant, no SSL.","4.9","159","Detroit"
"My Detroit Dentist","(313) 483-6260","7411 John R St, Detroit, MI 48202","https://mydetroitdentist.com/?utm_source=GMB&utm_medium=seo&utm_campaign=GBP","Yes (unreachable)","Website URL found but didn't load — good opening line.","4.9","520","Detroit"
"Detroit Dental Specialists","(313) 863-2800","14351 Livernois, Detroit, MI 48238","http://www.detroitdentalnow.com/","Yes","Website exists but: no SSL.","4.4","1465","Detroit"
"Great Expressions Dental Centers- Detroit Midtown","(313) 202-9398","3670 Woodward Ave #101b, Detroit, MI 48201","https://www.greatexpressions.com/dental-offices/dentist-in-detroit-michigan-woodward-ave/","Yes","Website looks solid — pitch on speed/animations/AI receptionist instead.","4.7","539","Detroit"
"Detroit Dental Specialists","(313) 342-1997","20720 Plymouth Rd, Detroit, MI 48228","https://detroitdentalnow.com/","Yes","Website looks solid — pitch on speed/animations/AI receptionist instead.","4.7","628","Detroit"
"Great Expressions Dental Centers - Detroit Ren Cen","(313) 202-9410","600 Renaissance Center Ste R610, Detroit, MI 48243","https://www.greatexpressions.com/dental-offices/dentist-in-detroit-michigan-renaissance-center/","Yes","Website exists but: no chat/AI assistant.","4.9","848","Detroit"
"DiPilla Dentistry of Detroit","(313) 246-8288","1 Woodward Ave #1625, Detroit, MI 48226","http://www.drdipilla.com/","Yes","Website exists but: no online booking, no chat/AI assistant, no SSL.","4.9","439","Detroit"
"Detroit Dental Specialty Center","(313) 818-0308","430 Mack Ave, Detroit, MI 48201","http://www.detroitdentalspecialtycenter.com/","Yes (unreachable)","Website URL found but didn't load — good opening line.","3.4","17","Detroit"
"ADVANCED DENTISTRY","(313) 749-9000","5831 Vernor Hwy, Detroit, MI 48209","","No","No website found — strong opening: offer to build one.","4.6","10","Detroit"
"Elmwood Park Dental Center PC","(313) 567-6200","1547 E Lafayette St, Detroit, MI 48207","http://elmwoodparkdentalcenter.com/","Yes","Website exists but: no online booking, no chat/AI assistant, no SSL.","4.7","83","Detroit"
"Vernor Dental Care","(313) 474-8994","8044 W Vernor Hwy, Detroit, MI 48209","http://www.vernordentalcare.com/?utm_campaign=gmb","Yes","Website exists but: no chat/AI assistant, no SSL.","4.8","277","Detroit"
"Brushery","(313) 228-6822","2700 Brush St, Detroit, MI 48201","http://www.brusherydetroit.com/","Yes","Website exists but: no SSL.","4.7","137","Detroit"
"Harbortown Dental Care","(313) 259-2410","3374 E Jefferson Ave, Detroit, MI 48207","https://www.harbortowndentalcare.com/","Yes","Website exists but: not mobile-responsive, no online booking, no chat/AI assistant.","4.8","207","Detroit"
"Detroit Sterling Dental","(313) 882-6635","17200 E Warren Ave A, Detroit, MI 48224","","No","No website found — strong opening: offer to build one.","4.8","278","Detroit"
"Downtown Detroit Dental","(313) 263-0230","645 Griswold St #224, Detroit, MI 48226","","No","No website found — strong opening: offer to build one.","3.8","16","Detroit"
"Campbell Dental & Orthodontics","(313) 921-5516","5705 Vernor Hwy, Detroit, MI 48209","http://campbelldental1.com/?utm_campaign=gmb","Yes","Website exists but: no online booking, no chat/AI assistant, no SSL.","4.7","864","Detroit"
"My Community Dental Centers ~ Detroit","(313) 571-2648","5405 Conner St, Detroit, MI 48213","https://www.mydental.org/clinic-location/detroit/?utm_source=GMB&utm_medium=Detroit&utm_campaign=website","Yes","Website exists but: no online booking, no chat/AI assistant.","4.7","877","Detroit"
"Destiny Dental - Detroit Grand River","(313) 412-2100","21427 Grand River Ave, Detroit, MI 48219","http://destinydentalcare.com/","Yes","Website exists but: no online booking, no SSL.","3.4","149","Detroit"
"Grand River Family Dentistry","(313) 535-2273","24366 Grand River Ave, Detroit, MI 48219","http://www.grfamilydentistry.com/","Yes","Website exists but: no online booking, no chat/AI assistant, no SSL.","4.8","658","Detroit"
"Detroit Dental Specialists","(313) 454-4800","511 West M-102, Highland Park, MI 48203","https://detroitdentalnow.com/","Yes","Website looks solid — pitch on speed/animations/AI receptionist instead.","4.7","439","Highland Park"
"Portland Dental","(503) 447-2748","511 SW 10th Ave #1206, Portland, OR 97205","https://www.portlanddentalpc.com/?utm_source=GMB&utm_medium=seo&utm_campaign=GBP","Yes (unreachable)","Website URL found but didn't load — good opening line.","4.9","753","Portland"
"City Dental","(503) 926-8758","511 SW 10th Ave Suite 704, Portland, OR 97205","https://www.portlandcitydental.com/?utm_source=google.com&utm_medium=business+profile&utm_campaign=","Yes","Website looks solid — pitch on speed/animations/AI receptionist instead.","4.8","531","Portland"
"1800 Emergency Dentist Portland 24 Hour","(503) 447-2532","4784 SE 17th Ave Ste 215, Portland, OR 97202","https://1800dentist.com/emergency-dentist-portland-or-2230/","Yes","Website exists but: no online booking, no chat/AI assistant.","4.2","19","Portland"
"Portland Modern Dentistry","(503) 406-1108","5175 NE Martin Luther King Jr Blvd Ste 110, Portland, OR 97211","https://www.portlandmoderndentistry.com/?sc_cid=GBP%3AO%3AGP%3A320%3AOrganic_Search%3AGeneral%3Ana&_vsrefdom=organic_gbp&y_source=1_MTIwMzA0MzktNzE1LWxvY2F0aW9uLndlYnNpdGU%3D","Yes","Website exists but: not mobile-responsive, no online booking, no chat/AI assistant.","4.6","223","Portland"
"Timber Dental","(503) 765-7355","3500 NE Martin Luther King Jr Blvd, Portland, OR 97212","https://www.timberdental.com/locations/northeast-portland/","Yes","Website exists but: no online booking, no chat/AI assistant.","4.7","1391","Portland"
"Haven Dental PDX","(503) 287-0072","1744 NE 42nd Ave, Portland, OR 97213","https://www.havendentalpdx.com/","Yes","Website looks solid — pitch on speed/animations/AI receptionist instead.","4.9","283","Portland"
"NE Portland Dental","(503) 284-2893","2100 NE Broadway #205, Portland, OR 97232","http://www.nepdxdental.com/","Yes","Website exists but: no online booking, no chat/AI assistant, no SSL.","4.8","78","Portland"
"Laurelhurst Dentistry - Portland","(503) 822-0117","2520 E Burnside St, Portland, OR 97214","https://laurelhurstdentistry.com/?utm_source=GMB&utm_medium=seo&utm_campaign=GBP","Yes","Website exists but: no chat/AI assistant.","4.9","1197","Portland"
"Dr. Samuel Seo","(503) 546-9079","511 SW 10th Ave #1101, Portland, OR 97205","https://pdxdentistry.com/samuel-seo-dmd/","Yes","Website exists but: no online booking.","5","4","Portland"
"Downtown Dental Associates","(503) 227-0958","1221 SW Yamhill St #310, Portland, OR 97205","https://portlandor.dental/","Yes","Website exists but: not mobile-responsive, no online booking, no chat/AI assistant.","4.9","331","Portland"
"Portland Dental","(361) 777-0700","1265 US-181 Frontage, Portland, TX 78374","https://www.portlanddentaltx.com/","Yes","Website exists but: no chat/AI assistant.","4.6","516","Portland"
"Northwest Portland Dental : Portland Dentist","(503) 683-7579","2311 NW Northrup St #101, Portland, OR 97210","http://northwestportlanddental.com/?utm_campaign=gmb","Yes","Website exists but: no chat/AI assistant, no SSL.","4.8","255","Portland"
"Dental Care of Portland","(503) 255-8000","1027 NE 122nd Ave, Portland, OR 97230","http://www.dentalcareofportland.com/","Yes","Website exists but: no SSL.","4.7","290","Portland"
"Portland Dental Smiles","(503) 542-2580","718 SW Alder St #200, Portland, OR 97205","https://www.familydentalcareinc.com/listings/portland-dental-smiles/","Yes","Website exists but: no online booking, no chat/AI assistant.","2.8","33","Portland"
"Timber Dental East Burnside","(503) 831-8685","1200 SE Sandy Blvd, Portland, OR 97214","https://www.timberdental.com/locations/east-burnside-portland/?utm_campaign=gmb","Yes","Website exists but: no online booking, no chat/AI assistant.","4.7","947","Portland"
"Laurelwood Dental","(503) 284-3575","2824 NE Wasco St Suite 210, Portland, OR 97232","https://laurelwooddental.com/","Yes","Website exists but: no online booking.","5","703","Portland"
"Timber Dental Downtown","(503) 922-2207","310 SW 4th Ave Ste 100, Portland, OR 97204","https://www.timberdental.com/locations/downtown-portland-dentist/","Yes","Website exists but: no online booking, no chat/AI assistant.","4.6","325","Portland"
"Beaumont Village Dentistry, Kiran Mistry, DDS","(503) 288-7481","4414 NE Fremont St, Portland, OR 97213","https://beaumontvillagedentistry.com/","Yes","Website exists but: no online booking, no chat/AI assistant.","5","306","Portland"
"Portland Family Dentistry","(503) 284-3588","6439 NE Sandy Blvd, Portland, OR 97213","http://portlandfamilydentistry.com/","Yes","Website exists but: no online booking, no SSL.","4.9","232","Portland"
"Houston Skyline Dental","(713) 226-7050","1220 Quitman St, Houston, TX 77009","https://www.houstonskylinedental.net/","Yes","Website looks solid — pitch on speed/animations/AI receptionist instead.","4.8","333","Houston"
"Downtown Houston Dental","(713) 229-8100","910 Louisiana St Ste 190, Houston, TX 77002","http://www.downtownhoustondentist.com/","Yes","Website exists but: no online booking, no chat/AI assistant, no SSL.","4.9","475","Houston"
"Restore Dental At Montrose","(281) 768-8944","1110 W Gray St Ste 220, Houston, TX 77019","https://www.restoredentalmontrose.com/?utm_source=gmb&utm_medium=organic","Yes","Website exists but: no chat/AI assistant.","5","154","Houston"
"Dentist Tree Of The Heights","(281) 849-8858","2105 Yale St Ste 300, Houston, TX 77008","http://www.dentisttreeheights.com/","Yes","Website exists but: no chat/AI assistant, no SSL.","4.9","722","Houston"
"Cosmetic Dental Texas","(713) 654-7756","2101 Crawford St Ste 103, Houston, TX 77002","https://cosmeticdentaltexas.com/","Yes (unreachable)","Website URL found but didn't load — good opening line.","4.6","234","Houston"
"Houstonian Dental","(713) 597-4015","4101 Greenbriar Dr #155, Houston, TX 77098","https://www.houstoniandental.com/?utm_source=GMB&utm_medium=seo&utm_campaign=GBP","Yes (unreachable)","Website URL found but didn't load — good opening line.","4.7","269","Houston"
"Texas Dental Center","(832) 831-9101","9801 Bissonnet St Ste K, Houston, TX 77036","https://texasdentalcenter.com/?utm_source=GMB&utm_medium=Organic&utm_campaign=LocalBusiness","Yes","Website looks solid — pitch on speed/animations/AI receptionist instead.","4.9","1026","Houston"
"Downtown Dentist","(713) 658-9591","333 Clay St #100, Houston, TX 77002","http://downtowndentist.com/","Yes","Website exists but: no online booking, no chat/AI assistant, no SSL.","5","80","Houston"
"Bayou City Smiles","(281) 220-8316","888 Westheimer Rd Ste 212, Houston, TX 77006","https://www.bayoucitysmiles.com/locations/montrose/","Yes","Website exists but: no online booking, no chat/AI assistant.","5","357","Houston"
"Memorial Park Dental Spa","(713) 864-3800","6010 Washington Ave Ste d, Houston, TX 77007","https://www.memorialparkdental.com/","Yes","Website exists but: no chat/AI assistant.","4.8","1067","Houston"
"Sapphire Smiles - Dr. Antoun | Leading Cosmetic Dentist in Houston","(832) 409-0400","2522 Yale St #210, Houston, TX 77008","https://www.sapphiresmilesdentistry.com/?utm_source=google&utm_medium=organic&utm_campaign=gbp","Yes","Website exists but: no chat/AI assistant.","5","924","Houston"
"Precise Dental of Houston","(713) 812-1712","2550 N Loop W Fwy Ste 110, Houston, TX 77092","http://www.precisedental.net/?utm_campaign=gmb","Yes","Website exists but: no online booking, no chat/AI assistant, no SSL.","4.9","199","Houston"
"Houston Dentists at Post Oak","(713) 255-1029","1330 Post Oak Blvd #1300, Houston, TX 77056","https://www.houstondentistsatpostoak.com/","Yes","Website exists but: no online booking, no chat/AI assistant.","4.9","299","Houston"
"Smiles of Midtown","(713) 523-6848","3600 San Jacinto St, Houston, TX 77004","https://smilesofmidtown.com/?utm_source=gmb","Yes","Website exists but: no online booking, no chat/AI assistant.","5","231","Houston"
"Emergency Dentist in Houston | Midtown","(346) 483-3338","3510 Main St, Houston, TX 77002","https://emergencydentistinhouston.com/","Yes","Website exists but: no chat/AI assistant.","5","1","Houston"
"Dowling Family Dental","(713) 807-8800","3619 Emancipation Ave, Houston, TX 77004","","No","No website found — strong opening: offer to build one.","3.5","35","Houston"
"URBN Dental Implants & Invisalign | Midtown","(346) 815-9997","3510 Main St Ste E, Houston, TX 77002","https://urbndental.com/texas/houston-dental-services/midtown/?utm_campaign=local-listings&utm_term=midtown","Yes","Website looks solid — pitch on speed/animations/AI receptionist instead.","4.9","919","Houston"
"Dentiq Dentistry Houston","(713) 589-6564","1355 W Gray St, Houston, TX 77019","https://www.dentiq.dental/","Yes","Website exists but: no chat/AI assistant.","4.9","1272","Houston"
"Urban Dental","(713) 528-9002","2511 Bagby St, Houston, TX 77006","http://www.urban-dental.com/","Yes","Website exists but: no online booking, no chat/AI assistant, no SSL.","5","36","Houston"
"The Houston Dentists","(346) 202-3432","4914 Bissonnet St #200, Bellaire, TX 77401","https://www.drfrazar.com/?utm_source=google&utm_medium=organic&utm_campaign=gbp-listing","Yes","Website exists but: no chat/AI assistant.","5","742","Bellaire"
"Whitman Dental Center","(267) 459-2092","2326 S 3rd St, Philadelphia, PA 19148","http://whitmandental.com/","Yes","Website exists but: no chat/AI assistant, no SSL.","4.9","1469","Philadelphia"
"Philadelphia Dental - Broad St","(215) 336-8391","1732 S Broad St, Philadelphia, PA 19145","https://www.philadelphiadental.com/locations/broad","Yes","Website exists but: no chat/AI assistant.","4.8","1357","Philadelphia"
"Philadelphia Dental","(215) 336-8399","1625 Chestnut St Ste 228, Philadelphia, PA 19103","https://www.philadelphiadental.com/locations/liberty-place","Yes","Website exists but: no chat/AI assistant.","4.8","313","Philadelphia"
"Walnut Street Smiles","(215) 564-1025","1601 Walnut St Unit 1025, Philadelphia, PA 19102","https://walnutstreetsmiles.com/our-office-philadelphia-pa/","Yes","Website exists but: no chat/AI assistant.","4.8","334","Philadelphia"
"1800 Emergency Dentist Philadelphia 24 Hour","(267) 552-8714","2501 Oakford St #1, Philadelphia, PA 19146","https://1800dentist.com/dentist-philadelphia-520635/","Yes","Website exists but: no online booking, no chat/AI assistant.","4.7","46","Philadelphia"
"Advanced Dentistry of Center City","(215) 564-1446","1601 Walnut St #600, Philadelphia, PA 19102","https://www.centercityfamilydentist.com/","Yes","Website exists but: no chat/AI assistant.","4.9","337","Philadelphia"
"Center City Emergency Dentist","(215) 223-5555","1429 Walnut St 6th Floor, Philadelphia, PA 19102","https://www.centercityemergencydentists.com/?utm_source=google&utm_medium=organic&utm_campaign=1seo_gmb","Yes","Website exists but: no chat/AI assistant.","4.5","3141","Philadelphia"
"1800 Emergency Dentist Philadelphia 24 Hour","(267) 848-1221","1116 S 22nd St, Philadelphia, PA 19146","https://1800dentist.com/dentist-philadelphia-520635/","Yes","Website exists but: no online booking, no chat/AI assistant.","4.3","6","Philadelphia"
"Dentist Near Me","(215) 392-9178","1603 South St, Philadelphia, PA 19146","https://dentistnearmepllc.com/","Yes","Website exists but: no chat/AI assistant.","4.5","237","Philadelphia"
"Dentistry at 1818 Market Street","(215) 567-2666","1818 Market St #100, Philadelphia, PA 19103","http://www.centercitydentist.com/","Yes","Website exists but: no online booking, no chat/AI assistant, no SSL.","4.7","779","Philadelphia"
"Philadelphia Dentistry","(215) 607-7886","1601 Walnut St #1302, Philadelphia, PA 19102","https://www.phillydentistry.com/?utm_campaign=gmb","Yes","Website exists but: no online booking, no chat/AI assistant.","4.6","1043","Philadelphia"
"Team Dental - Northern Liberties","(215) 515-9533","992 N 2nd St, Philadelphia, PA 19123","https://team-dental.com/","Yes","Website looks solid — pitch on speed/animations/AI receptionist instead.","4.9","760","Philadelphia"
"1800 Emergency Dentist Philadelphia 24 Hour","(215) 449-8828","4230 Germantown Ave, Philadelphia, PA 19140","https://1800dentist.com/emergency-dentist-philadelphia-520636/","Yes","Website exists but: no online booking, no chat/AI assistant.","4.2","20","Philadelphia"
"Dentistry in Philadelphia","(215) 735-8844","1628 Spruce St, Philadelphia, PA 19103","http://www.dentistryinphiladelphia.com/","Yes","Website exists but: no SSL.","4.9","149","Philadelphia"
"University City Pennsylvania Dental","(215) 921-5508","3508 Market St Ste 256, Philadelphia, PA 19104","https://universitycitypadental.com/","Yes","Website exists but: no online booking, no chat/AI assistant.","5","1","Philadelphia"
"Pennsylvania Center for Dental Excellence","(215) 969-4400","11905 Bustleton Ave, Philadelphia, PA 19116","https://philadelphiapa.dentist/","Yes","Website looks solid — pitch on speed/animations/AI receptionist instead.","4.8","532","Philadelphia"
"Love Dental","(215) 972-0955","1825 Spring Garden St, Philadelphia, PA 19130","http://www.hoorfardentalgroup.com/","Yes","Website exists but: not mobile-responsive, no online booking, no chat/AI assistant, no SSL.","4.9","340","Philadelphia"
"Center City Dental","(267) 713-3905","1601 Walnut St #720, Philadelphia, PA 19102","https://www.centercitydentists.com/?utm_source=google&utm_medium=organic&utm_campaign=GBP-listing","Yes","Website exists but: no chat/AI assistant.","4.8","669","Philadelphia"
"Rittenhouse Smiles","(215) 732-8080","255 S 17th St #2306, Philadelphia, PA 19103","https://rittenhousesmiles.com/","Yes","Website exists but: no online booking, no chat/AI assistant.","5","489","Philadelphia"
"Dentists On Washington","(215) 389-9889","544 Washington Ave, Philadelphia, PA 19147","http://www.dentistsonwashington.com/","Yes","Website exists but: no online booking, no chat/AI assistant, no SSL.","4.8","123","Philadelphia"
"Downtown Dental Jax","(904) 734-6837","6 E Bay St #101, Jacksonville, FL 32202","http://downtowndentaljax.com/?utm_source=gbp&utm_medium=organic&utm_campaign=yext_listing","Yes","Website exists but: no online booking, no SSL.","4.8","1552","Jacksonville"
"Dental Center of Jacksonville","(904) 262-9466","6144 S Gazebo Park Pl #210, Jacksonville, FL 32257","https://dentalcenterjacksonville.com/?utm_source=google&utm_medium=organic&utm_campaign=gbp-listing","Yes","Website exists but: no online booking.","4.9","2134","Jacksonville"
"North Jacksonville Complete Dentistry","(904) 751-4958","1566 Dunn Ave, Jacksonville, FL 32218","https://www.northjacksonvillecompletedentistry.com/","Yes","Website exists but: no online booking, no chat/AI assistant.","4.9","1867","Jacksonville"
"Jacksonville Emergency and Family Dental Care - University","(904) 615-9939","1716 University Blvd S, Jacksonville, FL 32216","https://www.jaxemergencydental.com/?utm_campaign=gmb","Yes","Website exists but: no online booking.","4.9","1179","Jacksonville"
"Jacksonville Family Dentistry","(904) 641-2655","8101 Southside Blvd #8, Jacksonville, FL 32256","http://www.jaxfamilydentistry.com/","Yes","Website exists but: not mobile-responsive, no online booking, no chat/AI assistant, no SSL.","4.9","337","Jacksonville"
"Riverside Dental","(904) 355-5531","1061 Riverside Ave, Jacksonville, FL 32204","https://www.riverside-dental.com/","Yes","Website looks solid — pitch on speed/animations/AI receptionist instead.","4.9","893","Jacksonville"
"Jacksonville Complete Dentistry","(904) 606-6735","7740 Point Meadows Dr #4, Jacksonville, FL 32256","https://jacksonvillecompletedentistry.com/?utm_campaign=gmb","Yes","Website exists but: no online booking.","4.9","1530","Jacksonville"
"Harbour Dental Care - University Blvd","(904) 733-3763","4124 University Blvd S, Jacksonville, FL 32216","https://harbourdental.care/university","Yes","Website looks solid — pitch on speed/animations/AI receptionist instead.","4.8","543","Jacksonville"
"Edwards, Cavendish & Jones Jacksonville Dentistry","(904) 353-3303","137 W Adams St, Jacksonville, FL 32202","https://ecjdentistry.com/","Yes","Website looks solid — pitch on speed/animations/AI receptionist instead.","5","530","Jacksonville"
"Emergency Dental of Jacksonville","(904) 977-6411","9770 Baymeadows Rd, Jacksonville, FL 32256","https://emergencydentalofjacksonville.com/","Yes","Website exists but: no chat/AI assistant.","4.9","650","Jacksonville"
"Beaver Dental Care of Jacksonville","(904) 396-4746","1677 Art Museum Dr, Jacksonville, FL 32207","https://beaverdental.com/?utm_source=google&utm_medium=social&utm_campaign=Beaver+Dental+Care+of+Jacksonville&utm_term=Dentist+Jacksonville","Yes","Website exists but: no online booking.","4.9","466","Jacksonville"
"The Smile Mission - Jacksonville","(904) 594-7920","456 University Blvd N, Jacksonville, FL 32211","https://thesmilemission.com/jacksonville/","Yes","Website exists but: no online booking.","4.8","203","Jacksonville"
"Advanced Dental Care of Jacksonville.","(844) 643-1136","4540 Southside Blvd Ste 1001, Jacksonville, FL 32216","","No","No website found — strong opening: offer to build one.","4.7","172","Jacksonville"
"Today's Dentistry of Jacksonville","(904) 867-8161","1651 Southside Connector STE 3, Jacksonville, FL 32225","http://todaysdentistryjax.com/?utm_source=gbp&utm_medium=organic&utm_campaign=yext_listing","Yes","Website exists but: no online booking, no SSL.","4.8","938","Jacksonville"
"Atlantic Dentistry - Atlantic Beach","(904) 647-1800","13474 Atlantic Blvd #109, Jacksonville, FL 32225","https://atlanticdentistryjax.com/","Yes","Website looks solid — pitch on speed/animations/AI receptionist instead.","4.7","1105","Jacksonville"
"Jax Smiles Dentistry","(904) 701-3883","6416 Arlington Rd, Jacksonville, FL 32211","http://www.jaxsmilesdentistry.com/","Yes","Website exists but: no SSL.","4.9","301","Jacksonville"
"All Smiles On Riverside","(904) 384-0383","1550 Riverside Ave Ste B, Jacksonville, FL 32204","https://allsmilesonriverside.com/","Yes","Website exists but: no online booking, no chat/AI assistant.","4.8","333","Jacksonville"
"Jacksonville Emergency & Family Dental Care","(904) 395-2800","1840 Dunn Ave #3, Jacksonville, FL 32218","https://www.jaxemergencydental.com/?utm_campaign=gmb","Yes","Website exists but: no online booking.","4.9","1579","Jacksonville"
"Jacksonville Dental Specialists","(904) 683-4781","11512 Lake Mead Ave Bldg. 530 , Ste. 532, Jacksonville, FL 32256","https://www.jacksonvilledentalspecialists.com/","Yes","Website exists but: no online booking, no chat/AI assistant.","4.6","123","Jacksonville"
"Shaeffer William DDS","(904) 223-0087","13535 Beach Blvd, Jacksonville, FL 32224","http://jaxfamilydentist.com/","Yes","Website exists but: not mobile-responsive, no online booking, no chat/AI assistant, no SSL.","4.9","41","Jacksonville"
"Gentle Dental","(866) 227-5503","670 Colonial Rd Ste 6, Memphis, TN 38117","","No","No website found — strong opening: offer to build one.","5","10","Memphis"
"Dental Excellence of Memphis","(901) 316-7063","5180 Park Ave #310, Memphis, TN 38119","https://www.dentalexcellencememphis.com/","Yes","Website exists but: no chat/AI assistant.","4.9","819","Memphis"
"Memphis Family and Cosmetic Dentistry","(901) 323-8488","845 S Highland St, Memphis, TN 38111","http://fcdmemphis.com/","Yes","Website exists but: no SSL.","4.5","174","Memphis"
"Memphis Emergency Dental","(901) 435-3797","845 S Highland St, Memphis, TN 38111","https://memphisemergencydental.com/","Yes","Website looks solid — pitch on speed/animations/AI receptionist instead.","4.8","94","Memphis"
"The Dental Connection","(901) 722-8445","1195 Poplar Ave, Memphis, TN 38105","https://www.thedentalconnectionmemphis.com/?utm_source=gmb&utm_medium=organic","Yes","Website exists but: no online booking, no chat/AI assistant.","4.6","1209","Memphis"
"Higginbotham Family Dental","(901) 453-6081","113 Harbor Town Square Ste 203, Memphis, TN 38103","https://www.higginbothamfamilydental.com/dentist-in-memphis-tn/","Yes","Website looks solid — pitch on speed/animations/AI receptionist instead.","4.9","1117","Memphis"
"Main Street Dental","(901) 527-0716","99 S Main St, Memphis, TN 38103","https://msdmemphis.com/","Yes","Website exists but: no online booking, no chat/AI assistant.","5","183","Memphis"
"Crosstown Dental Group","(901) 881-1234","1350 Concourse Ave #446, Memphis, TN 38104","http://www.crosstowndentist.com/","Yes (unreachable)","Website URL found but didn't load — good opening line.","4.9","555","Memphis"
"Dr. Brandon Carter Dental Care – Memphis 24 Hours","(901) 437-5010","4744 Southern Ave, Memphis, TN 38117","https://www.emergencydentalservice.com/emergencydentist24-7/memphis-tn-38117","Yes","Website exists but: no online booking.","5","3","Memphis"
"DentalWorks Memphis - Park Avenue","(901) 805-5806","5180 Park Ave #210, Memphis, TN 38119","https://www.dentalworks.com/offices/tennessee/memphis-park-avenue/","Yes","Website exists but: no online booking, no chat/AI assistant.","4.8","1189","Memphis"
"Bellano Dental Health - East Memphis","(901) 681-0408","5336 Estate Office Dr #1, Memphis, TN 38119","https://bellanodental.com/east-memphis","Yes","Website exists but: not mobile-responsive, no online booking, no chat/AI assistant.","4.9","1354","Memphis"
"Kemp Greg DDS","(901) 725-1425","266 S Cleveland St, Memphis, TN 38104","http://www.gregkempdds.com/","Yes (unreachable)","Website URL found but didn't load — good opening line.","4.9","792","Memphis"
"Walnut Grove Dental Group","(901) 452-0040","3491 Walnut Grove Rd, Memphis, TN 38111","https://walnutgrovedentalgroup.com/","Yes","Website exists but: no chat/AI assistant.","5","626","Memphis"
"Dr. Kastan Sims, DDS","(901) 725-1884","1279 Lamar Ave, Memphis, TN 38104","","No","No website found — strong opening: offer to build one.","5","14","Memphis"
"Higginbotham Family Dental","(901) 767-1610","5100 Wheelis Dr Ste. 214, Memphis, TN 38117","https://www.higginbothamfamilydental.com/dentist-in-memphis-tn/","Yes","Website looks solid — pitch on speed/animations/AI receptionist instead.","4.9","633","Memphis"
"Miles Moore, D.D.S. - Memphis Center For Family and Cosmetic Dentistry","(901) 761-2210","725 W Brookhaven Cir, Memphis, TN 38117","http://www.beautifulsmiles.org/","Yes","Website exists but: no chat/AI assistant, no SSL.","4.8","216","Memphis"
"Audubon Dental Group","(901) 668-7128","670 Colonial Rd Ste 3, Memphis, TN 38117","http://audubondentalgroupmemphis.com/?utm_source=gbp&utm_medium=organic&utm_campaign=yext_listing","Yes","Website exists but: no online booking, no SSL.","4.9","702","Memphis"
"Affordable Dentures & Implants","(901) 810-6455","3481 Poplar Ave, Memphis, TN 38111","https://www.affordabledentures.com/locations/tn/memphis?utm_source=GMB&utm_medium=Organic_Listing&utm_campaign=3074","Yes","Website exists but: no online booking, no chat/AI assistant.","4.5","646","Memphis"
"Plaza Dental Offices","(901) 452-1103","3468 Plaza Ave, Memphis, TN 38111","https://www.plazadentalmemphis.com/","Yes","Website exists but: not mobile-responsive, no online booking, no chat/AI assistant.","4.9","228","Memphis"
"Capitol Square Dental","(614) 461-4600","212 S High St, Columbus, OH 43215","http://toothfamilydental.com/","Yes","Website exists but: not mobile-responsive, no online booking, no chat/AI assistant, no SSL.","4.4","199","Columbus"
"Capstone Dental Downtown","(614) 223-1000","41 S High St Ste 270, Columbus, OH 43215","https://www.mycapstonedental.com/locations/columbus","Yes","Website exists but: no online booking, no chat/AI assistant.","4.9","419","Columbus"
"Grandview Dental Care","(614) 486-7378","1220 Grandview Ave, Columbus, OH 43212","https://www.grandviewdentalcare.com/?utm_source=google&utm_medium=gbp&utm_campaign=google_business","Yes","Website exists but: no online booking, no chat/AI assistant.","4.9","1177","Columbus"
"Ohio Cosmetic Dentists","(614) 459-7300","1010 Bethel Rd, Columbus, OH 43214","https://www.ohiocosmeticdentists.com/?utm_source=google.com&utm_medium=business+profile","Yes","Website exists but: no online booking, no chat/AI assistant.","4.9","1013","Columbus"
"Capital City Dental","(614) 443-4625","79 Thurman Ave, Columbus, OH 43206","http://www.capitalcitydental.com/","Yes","Website exists but: not mobile-responsive, no online booking, no chat/AI assistant, no SSL.","4.9","525","Columbus"
"Trillium Dental","(614) 343-0227","41 S High St #230, Columbus, OH 43215","http://www.trilliumdental.us/?utm_source=GMB&utm_medium=organic&utm_campaign=DevOptimization&utm_content=Website","Yes","Website exists but: no online booking, no chat/AI assistant, no SSL.","4.9","195","Columbus"
"Merion Village Dental","(614) 443-4400","1250 S High St, Columbus, OH 43206","https://www.merionvillagedental.com/","Yes","Website exists but: no online booking.","4.6","1079","Columbus"
"Southmoor Dental Group","(614) 444-9849","1685 Lockbourne Rd Suite A, Columbus, OH 43207","https://southmoordentalgroup.com/southmoor-dental-group?y_source=1_NTkxODkxNi03MTUtbG9jYXRpb24ud2Vic2l0ZQ%3D%3D","Yes","Website exists but: no chat/AI assistant.","4.7","884","Columbus"
"Fulks Family Dental","(614) 237-3781","2607 E Main St, Columbus, OH 43209","https://fulksfamilydental.com/","Yes","Website exists but: no online booking, no chat/AI assistant.","4.7","1811","Columbus"
"Columbus Family Dental Care","(614) 878-1397","1645 Holt Rd, Columbus, OH 43228","http://www.columbusfamilydentalcare.com/","Yes","Website exists but: not mobile-responsive, no online booking, no chat/AI assistant, no SSL.","4.9","122","Columbus"
"German Village Dental Group","(614) 444-0417","1084 S High St, Columbus, OH 43206","http://germanvillagedentalgroup.com/","Yes","Website exists but: no online booking, no chat/AI assistant, no SSL.","4.5","26","Columbus"
"Emergency Dental of Columbus","(614) 665-0910","4034 Morse Rd, Columbus, OH 43219","https://emergencydentalofcolumbus.com/","Yes","Website exists but: no chat/AI assistant.","4.7","1045","Columbus"
"Advanced Dental Wellness","(614) 636-4089","4501 N High St, Columbus, OH 43214","https://www.advanceddentalwellness.com/","Yes","Website exists but: not mobile-responsive, no online booking, no chat/AI assistant.","4.9","401","Columbus"
"Carroll Family Dental","(614) 237-5000","2699 E Main St, Columbus, OH 43209","https://www.carrollfamilydental.net/","Yes","Website looks solid — pitch on speed/animations/AI receptionist instead.","4.9","1785","Columbus"
"James B Ford DDS","(614) 228-1113","118 N High St, Columbus, OH 43215","https://drjamesbford.com/","Yes","Website exists but: no chat/AI assistant.","4.8","116","Columbus"
"US Dental and Medical Care","(614) 252-3181","949 E Livingston Ave, Columbus, OH 43205","https://usdentalmedical.com/","Yes","Website exists but: no online booking, no chat/AI assistant.","4.4","297","Columbus"
"Community Dental","(614) 272-0110","2150 Marble Cliff Office Park Ste C, Columbus, OH 43215","https://www.communitydentalsmiles.com/","Yes","Website exists but: no chat/AI assistant.","4.8","262","Columbus"
"Watermark Dental: Jason T. Culley, D.D.S.","(614) 488-9050","1225 Dublin Rd #040, Columbus, OH 43215","http://watermarkdental.com/","Yes","Website exists but: no online booking, no chat/AI assistant, no SSL.","4.8","102","Columbus"
"Emergency Dental Assistance","(614) 304-9877","1530 S High St, Columbus, OH 43207","","No","No website found — strong opening: offer to build one.","5","4","Columbus"
"Boston Dental","(617) 338-5000","36 Chauncy St, Boston, MA 02111","https://bostondental.com/boston-downtown-crossing/?utm_source=GoogleMyBusiness&utm_medium=DownTown","Yes","Website exists but: no chat/AI assistant.","4.9","446","Boston"
"Seaport Dental Associates Boston","(617) 737-6453","451 D St #200, Boston, MA 02210","http://www.seaportdental.com/","Yes","Website exists but: no online booking, no chat/AI assistant, no SSL.","4.9","532","Boston"
"Devonshire Dental of Boston","(617) 350-7474","185 Devonshire St Ste 410, Boston, MA 02110","https://www.devonshiredental.net/","Yes","Website exists but: no online booking, no chat/AI assistant.","5","604","Boston"
"Integrity Dental Boston","(617) 655-8535","1 International Pl, Boston, MA 02110","https://integritydentalboston.com/?utm_source=google&utm_medium=map","Yes","Website exists but: no chat/AI assistant.","4.9","43","Boston"
"Boston Smiles","(617) 982-2233","151 Merrimac St #100, Boston, MA 02114","https://bostonsmilesdental.com/","Yes","Website exists but: no chat/AI assistant.","4.8","340","Boston"
"Dental Arts of Boston","(857) 376-6559","26 Marlborough St, Boston, MA 02116","http://www.bostoncosmeticdentistma.com/","Yes","Website exists but: no SSL.","4.9","229","Boston"
"Boston Dental","(617) 402-5000","35 Court St, Boston, MA 02108","https://bostondental.com/boston-government-center/?utm_source=GMB&utm_medium=GovernmentCenter","Yes","Website exists but: no chat/AI assistant.","4.9","203","Boston"
"AP Dental - East Boston","(617) 315-1515","231 Border St, Boston, MA 02128","https://ap.dental/pages/location-east-boston","Yes","Website exists but: no chat/AI assistant.","4.8","415","Boston"
"Prudential Dental Associates","(617) 267-3889","575 Boylston St 7th floor, Boston, MA 02116","https://www.prudential-dental.com/","Yes","Website exists but: no online booking.","4.9","875","Boston"
"Newbury Dental Associates","(617) 514-2895","274 Newbury St, Boston, MA 02116","https://www.gentledental.com/dental-offices/ma/boston/newbury-st?utm_source=google&utm_medium=organic&utm_campaign=gbp","Yes","Website exists but: no chat/AI assistant.","4.8","501","Boston"
"Commonwealth Dental Group","(617) 266-8770","400 Commonwealth Ave 3rd floor, Boston, MA 02215","http://www.cdgboston.com/","Yes","Website exists but: no chat/AI assistant, no SSL.","4.8","149","Boston"
"Boston Dental - Seaport","(617) 706-5000","22 Boston Wharf Rd, Boston, MA 02210","https://www.bostondental.com/","Yes","Website exists but: no chat/AI assistant.","4.9","195","Boston"
"CITIDental","(617) 723-6300","63 Court St, Boston, MA 02108","https://www.citidentalboston.com/","Yes","Website exists but: no online booking, no chat/AI assistant.","4.8","1171","Boston"
"South Boston Dental Group","(617) 268-1030","9 Channel Center St, Boston, MA 02210","https://www.southbostondental.com/","Yes","Website exists but: no online booking, no chat/AI assistant.","4.9","1054","Boston"
"Dental Associates of New England","(857) 349-2131","585 Boylston St Ste 2, Boston, MA 02116","https://www.bostonsmile.com/locations/boston-office/","Yes","Website exists but: no online booking.","4.8","78","Boston"
"Dental Partners of Boston at Prudential Center","(617) 829-9744","800 Boylston St 2nd floor, Boston, MA 02199","http://www.dentalpartnersofboston.com/","Yes","Website exists but: no online booking, no chat/AI assistant, no SSL.","4.8","412","Boston"
"Faneuil Hall Dental Associates","(617) 523-4444","1 McKinley Square Lobby B, Boston, MA 02109","https://www.fhdental.com/","Yes","Website exists but: no online booking, no chat/AI assistant.","4.9","225","Boston"
"The Dental Group at Post Office Square","(617) 426-6011","3 Post Office Square 9th Floor, Boston, MA 02109","https://www.godental365.com/location/dentist-downtown-boston","Yes","Website exists but: no chat/AI assistant.","4.9","866","Boston"
"Mass Dental Associates","(617) 859-3939","1313 Washington St, Boston, MA 02118","https://massdentalassociates.info/","Yes","Website exists but: no online booking, no chat/AI assistant.","4.4","178","Boston"
"Smile Craft","(857) 317-3030","22 Traveler St, Boston, MA 02118","https://www.smilecraftsouthend.com/","Yes","Website exists but: no online booking, no chat/AI assistant.","4.8","80","Boston"
"209 NYC Dental","(212) 355-2290","209 E 56th St 1st floor, New York, NY 10022","https://www.209nycdental.com/?utm_source=google&utm_medium=organic&utm_campaign=gmb","Yes","Website exists but: no chat/AI assistant.","4.9","1894","New York"
"City Dental Group NYC","(212) 425-0505","11 Broadway Lobby 4, New York, NY 10004","https://citydentalnyc.com/?utm_source=gbp&utm_medium=organic&utm_campaign=gbp-listing","Yes","Website exists but: no chat/AI assistant.","4.7","320","New York"
"New York Dental Office","(212) 548-3261","245 E 63rd St #110, New York, NY 10065","https://www.newyorkdentaloffice.com/","Yes","Website exists but: no online booking.","4.9","475","New York"
"Village Dental NYC","(551) 203-9134","77 E 12th St, New York, NY 10003","https://villagedentalnyc.com/","Yes","Website exists but: not mobile-responsive, no online booking, no chat/AI assistant.","4.8","463","New York"
"Sky Dental","(212) 600-1996","111 Broadway Suite 1304, New York, NY 10006","https://skydentalnyc.com/?utm_campaign=gmb","Yes","Website exists but: no chat/AI assistant.","4.9","2708","New York"
"Pearl Dental NYC","(212) 344-9317","233 Broadway Ste 1801, New York, NY 10279","https://www.pearldentalnyc.com/","Yes","Website exists but: no chat/AI assistant.","5","478","New York"
"My NYC Dentist - Hudson Street Dental","(212) 359-0064","90 Vandam St, New York, NY 10013","https://www.mynyc-dentist.com/","Yes","Website exists but: no online booking, no chat/AI assistant.","4.9","295","New York"
"Making You Smile Cosmetic Dentist Studio NYC: Dr. Ziad Jalbout DDS","(646) 846-4645","36 E 36th St #1D, New York, NY 10016","https://makingyousmile.nyc/?utm_source=GMB&utm_medium=WebsiteURL","Yes","Website exists but: no chat/AI assistant.","4.9","485","New York"
"SoHo Dental Group NYC","(212) 878-7646","552 Broadway #505, New York, NY 10012","https://sohodentalgroup.com/?utm_campaign=gmb&utm_medium=organic&utm_source=gmb","Yes","Website exists but: no chat/AI assistant.","4.8","538","New York"
"Modern Dental of Manhattan","(212) 758-1000","425 Madison Ave Rm 500, New York, NY 10017","https://www.manhattandentists.com/","Yes","Website exists but: no chat/AI assistant.","5","267","New York"
"Diamond District Dental NYC - Midtown Dentist","(212) 759-5595","10 W 46th St #1401, New York, NY 10036","https://www.dddentalnyc.com/?utm_campaign=gmb","Yes","Website exists but: no chat/AI assistant.","4.9","607","New York"
"My NYC Dentist - 34th Street Dental","(212) 564-8164","225 W 35th St #2, New York, NY 10001","http://www.mynyc-dentist.com/","Yes","Website exists but: no online booking, no chat/AI assistant, no SSL.","4.7","499","New York"
"Advanced Dental Arts NYC","(212) 388-1170","55 E 9th St, New York, NY 10003","https://advanceddentalartsnyc.com/","Yes","Website exists but: no online booking, no chat/AI assistant.","4.8","461","New York"
"Soho Smile","(212) 334-7330","206 Spring St 5th Floor, New York, NY 10012","https://www.sohosmile.com/","Yes","Website exists but: no chat/AI assistant.","4.9","209","New York"
"Wall Street Dental Spa - Financial District","(212) 514-5514","30 Wall St #720, New York, NY 10005","https://wallstdentalspanyc.com/","Yes","Website looks solid — pitch on speed/animations/AI receptionist instead.","4.8","1441","New York"
"Tribeca Dental Care","(212) 431-4582","402 Broadway, New York, NY 10013","https://tribecanydentistoffice.com/?utm_source=google&utm_medium=organic&utm_campaign=gbp","Yes","Website exists but: no chat/AI assistant.","4.8","1160","New York"
"My NYC Dentist - 23rd Street Dental","(212) 206-7215","49 W 23rd St 12th Floor, New York, NY 10010","https://www.mynyc-dentist.com/","Yes","Website exists but: no online booking, no chat/AI assistant.","4.6","171","New York"
"Studio Smiles NYC","(646) 470-1376","41 Park Ave #1C, New York, NY 10016","http://www.studiosmilesnyc.com/","Yes","Website exists but: no chat/AI assistant, no SSL.","4.9","623","New York"
"NYC Smile Spa","(646) 374-2242","30 E 60th St Ste 1201, New York, NY 10022","https://www.nycsmilespa.com/","Yes","Website exists but: no online booking, no chat/AI assistant.","4.9","400","New York"
"Midtown Dental Group NoMad","(212) 213-4029","1158 Broadway 3rd floor, New York, NY 10001","https://midtowndentalgroup.com/","Yes","Website exists but: no chat/AI assistant.","4.9","494","New York"
"1800 Emergency Dentist San Antonio 24 Hour","(210) 529-7510","11010 Coachlight St Ste 103, San Antonio, TX 78216","https://1800dentist.com/emergency-dentist-san-antonio-tx-513/","Yes","Website exists but: no online booking, no chat/AI assistant.","3.9","34","San Antonio"
"1800 Emergency Dentist San Antonio 24 Hour","(657) 337-7834","3713 West Ave, San Antonio, TX 78213","https://1800dentist.com/emergency-dentist-san-antonio-tx-532293/","Yes","Website exists but: no online booking, no chat/AI assistant.","4.4","7","San Antonio"
"Emergency Dental Care San Antonio","(210) 907-8187","3904 Fredericksburg Rd Ste 2100, San Antonio, TX 78201","https://www.emergencydentalcaresanantonio.com/","Yes","Website exists but: no online booking, no chat/AI assistant.","4.9","167","San Antonio"
"Rio Dental Emergency Dentist San Antonio","(210) 785-8526","2811 Hillcrest Dr, San Antonio, TX 78201","https://www.riodentaltx.com/?utm_source=google&utm_medium=gmb","Yes","Website looks solid — pitch on speed/animations/AI receptionist instead.","4.7","1276","San Antonio"
"Z Dentist San Antonio","(210) 802-9999","7010 W Loop 1604 N Ste 205, San Antonio, TX 78254","https://www.z-dentist.com/","Yes","Website exists but: no chat/AI assistant.","4.9","1018","San Antonio"
"Dental Care of San Antonio","(210) 868-6037","115 N Loop 1604 E #1104, San Antonio, TX 78232","https://www.dentalcareofsa.com/","Yes","Website exists but: no chat/AI assistant.","5","287","San Antonio"
"Celebrate Dental & Braces - San Antonio San Pedro","(210) 686-0674","6868 San Pedro Ave, San Antonio, TX 78216","https://celebratedental.com/location/texas/san-pedro-san-antonio/?utm_source=google&utm_medium=organic&utm_campaign=gbp-san-pedro","Yes","Website exists but: no chat/AI assistant.","4.8","697","San Antonio"
"Downtown Dentistry","(210) 222-8260","711 Navarro St #101, San Antonio, TX 78205","http://www.sanantoniodowntowndentistry.com/","Yes","Website exists but: no online booking, no chat/AI assistant, no SSL.","4.9","353","San Antonio"
"Texas Dental","(210) 661-4211","6206 FM78, San Antonio, TX 78244","https://www.texas-dental.com/","Yes","Website exists but: no chat/AI assistant.","4.9","636","San Antonio"
"Local Dental","(210) 686-1486","4419 E Evans Rd Ste 105, San Antonio, TX 78259","https://localdentalsa.com/","Yes","Website exists but: no online booking, no chat/AI assistant.","5","469","San Antonio"
"Olmos Park Dental","(210) 767-3525","4340 McCullough Ave, San Antonio, TX 78212","http://olmosparkdental.com/","Yes","Website exists but: no online booking, no SSL.","4.9","222","San Antonio"
"Gloss Dental - San Antonio","(210) 898-8113","1703 Fredericksburg Rd Unit 101, San Antonio, TX 78201","https://glossdentalsanantonio.com/","Yes","Website exists but: no chat/AI assistant.","4.8","259","San Antonio"
"Inspire Dental of San Antonio","(210) 972-0768","14801 San Pedro Ave, San Antonio, TX 78232","https://inspiredentalsa.com/#","Yes","Website exists but: no online booking, no chat/AI assistant.","4.9","1236","San Antonio"
"Texas Smiles dental center","(210) 432-0909","202 N General McMullen Dr, San Antonio, TX 78237","http://www.texassmilesusa.com/","Yes","Website exists but: no online booking, no chat/AI assistant, no SSL.","4.9","652","San Antonio"
"Hernandez Dental Center","(210) 533-8191","1347 Fair Ave, San Antonio, TX 78223","http://www.southsanantoniodentist.com/","Yes","Website exists but: no SSL.","4.9","236","San Antonio"
"Urgent Care Dentist 24/7","(855) 526-7216","418 Clay, San Antonio, TX 78204","","No","No website found — strong opening: offer to build one.","5","8","San Antonio"
"Elevate Dental ®","(210) 686-1888","311 E Jones Ave, San Antonio, TX 78215","https://elevatedentalsa.com/","Yes","Website exists but: not mobile-responsive, no online booking, no chat/AI assistant.","5","420","San Antonio"
"Primo Dental","(210) 968-0515","515 St James St, San Antonio, TX 78202","https://primodentaltx.com/","Yes","Website exists but: no online booking, no chat/AI assistant.","5","156","San Antonio"
"Great White Dental","(210) 321-9730","2520 Broadway #102, San Antonio, TX 78215","http://gwdentaltx.com/","Yes","Website exists but: not mobile-responsive, no online booking, no chat/AI assistant, no SSL.","4.9","309","San Antonio"
"24th Street Dental Care","(210) 436-6261","323 NW 24th St, San Antonio, TX 78207","http://www.san-antonio-dentist.net/","Yes (unreachable)","Website URL found but didn't load — good opening line.","4.8","293","San Antonio"
"Midtown Dental Center","(404) 874-0800","650 Ponce De Leon Ave NE #600B, Atlanta, GA 30308","https://www.midtowndentalatl.com/","Yes","Website exists but: no online booking, no chat/AI assistant.","4.9","568","Atlanta"
"Downtown Atlanta Dentistry","(404) 999-1407","229 Peachtree Rd NE #206, Atlanta, GA 30303","https://downtownatlantadentistry.com/?utm_source=GMB&utm_medium=organic&utm_campaign=DevOptimization&utm_content=Website","Yes","Website exists but: no online booking, no chat/AI assistant.","4.7","871","Atlanta"
"Ponce Dental Studio - Atlanta","(404) 476-6589","892 Ponce De Leon Ave NE Ste 101, Atlanta, GA 30306","https://poncedentalstudio.com/?utm_source=google&utm_medium=organic&utm_campaign=gmb","Yes","Website exists but: no chat/AI assistant.","4.9","1362","Atlanta"
"Perl Smile Co.","(404) 806-1680","562 Dutch Valley Rd NE, Atlanta, GA 30324","https://www.perlsmile.co/?utm_source=gmb&utm_medium=organic","Yes","Website exists but: no chat/AI assistant.","4.9","349","Atlanta"
"Emergency Dentist Atlanta","(770) 334-9080","275 14th St NW #100, Atlanta, GA 30318","https://emergencydentistatlanta.com/","Yes","Website exists but: no chat/AI assistant.","4.9","574","Atlanta"
"Atlanta Dental Center","(404) 600-1446","620 Peachtree St NE Apt 204, Atlanta, GA 30308","https://atlantadentalcenter.com/","Yes","Website exists but: no chat/AI assistant.","4.8","939","Atlanta"
"Baumrind Family Dentistry","(404) 659-4222","100 Peachtree St #1820, Atlanta, GA 30303","http://drbaumrind.com/","Yes","Website exists but: no online booking, no SSL.","4.9","172","Atlanta"
"Modern Dental","(404) 589-0900","545 Edgewood Ave SE, Atlanta, GA 30312","http://www.moderndentalatlanta.com/","Yes","Website exists but: no chat/AI assistant, no SSL.","4.7","501","Atlanta"
"Laura Koch, DMD","(844) 578-1789","1401 Peachtree St NE Ste 100, Atlanta, GA 30309","https://www.dentistryformidtown.com/?utm_source=gmb_auth","Yes (unreachable)","Website URL found but didn't load — good opening line.","4.7","40","Atlanta"
"Michael A. Crossley, DDS at Dentistry for Midtown Atlanta","(844) 586-0578","1401 Peachtree St NE Ste 100, Atlanta, GA 30309","https://www.dentistryformidtown.com/","Yes (unreachable)","Website URL found but didn't load — good opening line.","5","24","Atlanta"
"Ansley Midtown Dental","(404) 873-2957","222 12th St NE #1a, Atlanta, GA 30309","http://www.ansleymidtowndental.com/","Yes","Website exists but: no SSL.","4.9","814","Atlanta"
"Downtown Dental Center","(404) 577-0868","75 Marietta St #100, Atlanta, GA 30303","http://www.downtowndentalcenter.com/","Yes","Website exists but: not mobile-responsive, no online booking, no chat/AI assistant, no SSL.","4.7","163","Atlanta"
"Auburn Dental Care","(404) 681-3834","210 Auburn Ave NE #1, Atlanta, GA 30303","","No","No website found — strong opening: offer to build one.","4.8","26","Atlanta"
"Elegant Smiles","(404) 634-4224","2882 N Druid Hills Rd Ste A, Atlanta, GA 30329","https://dentalatl.com/","Yes","Website looks solid — pitch on speed/animations/AI receptionist instead.","4.9","1505","Atlanta"
"Urgent Care Dentist 24/7","(866) 226-8504","283 MacKenzie Dr NE, Atlanta, GA 30312","","No","No website found — strong opening: offer to build one.","5","7","Atlanta"
"Atlanta Dental Spa - Highlands","(404) 418-7445","664 N Highland Ave NE, Atlanta, GA 30306","https://www.atlantadentalspa.com/","Yes","Website exists but: no online booking, no chat/AI assistant.","5","685","Atlanta"
"Dental Care 24/7 Atlanta","(470) 809-1584","285 Centennial Olympic Park Dr NW Commercial Unit 2B, Atlanta, GA 30313","https://www.dentalcare247.com/locations/dental-care-24-7-atlanta","Yes","Website exists but: no online booking, no chat/AI assistant.","4","562","Atlanta"
"Peachtree Smile Center","(404) 605-0359","1819 Peachtree Rd Unit 220, Atlanta, GA 30309","https://smile-center.net/","Yes","Website exists but: no online booking, no chat/AI assistant.","4.9","364","Atlanta"
"Ben Massell Dental Clinic: Levitas Ted DDS","(404) 881-1858","700 14th St NW, Atlanta, GA 30318","https://benmasselldentalclinic.org/","Yes","Website exists but: no online booking, no chat/AI assistant.","4.6","14","Atlanta"
"Midtown Smile Center","(678) 904-8750","999 Peachtree St NE #700, Atlanta, GA 30309","https://midtownsmilecenter.com/","Yes","Website exists but: no online booking, no chat/AI assistant.","4.7","982","Atlanta"